Key,Parent Key,Priority,Story Points,Assignee,Issue Type,Sprint,Team,Resolution Time,Blocked,Member Efficiency per ticket,Sprint Overdue,Days to Sprint End,Complexity,Total Story Points per Sprint and team,Total Story Points per Member per Sprint,Average Team Efficiency per Sprint,Block Rate by Issue Type,Estimation Accurate
NGP-1035,NGP-1025,Low,5.0,Juan.hernandez,Story,Team Aether Sprint 9,Team Aether,15.346311805555557,1,0.3258111827357722,1,-1,Medium,37.0,23.0,3.1883835054095897,0.5,0
NGP-1036,NGP-1070,Low,8.0,Juan.hernandez,Story,Team Aether Sprint 10,Team Aether,14.541528032407408,0,0.550148511364907,1,-1,High,45.0,31.0,241.60257920914634,0.0,0
NGP-1037,NGP-1070,Low,8.0,Juan.hernandez,Story,Team Aether Sprint 10,Team Aether,6.44918949074074,0,1.2404659549057748,1,-1,High,45.0,31.0,241.60257920914634,0.0,1
NGP-1042,NGP-1449,Low,5.0,Juan.hernandez,Story,Team Aether Sprint 13,Team Aether,9.453486493055555,1,0.5289053941816021,0,0,Medium,29.0,13.0,3.4714770797185843,0.3333333333333333,0
NGP-1043,NGP-1449,Low,5.0,Juan.hernandez,Story,Team Aether Sprint 12,Team Aether,14.172117164351851,1,0.35280543774905143,0,0,Medium,91.0,67.0,317.95189352065967,0.4444444444444444,0
NGP-1048,NGP-1449,High,3.0,Juan.hernandez,Story,Team Aether Sprint 13,Team Aether,3.948440798611111,0,0.759793587649907,0,0,Low,29.0,13.0,3.4714770797185843,0.3333333333333333,0
NGP-1092,NGP-1449,Low,8.0,Juan.hernandez,Story,Team Aether Sprint 12,Team Aether,15.474146041666668,0,0.5169913724775954,0,0,High,91.0,67.0,317.95189352065967,0.4444444444444444,0
NGP-1093,NGP-1025,Low,13.0,Juan.hernandez,Story,Team Aether Sprint 9,Team Aether,33.25816123842593,0,0.3908815014397133,1,-1,High,37.0,23.0,3.1883835054095897,0.5,1
NGP-1107,NGP-1402,Medium,8.0,Nikayla Bryant,Story,Roar Sprint 4,Team Roar,19.739170127314814,0,0.40528552864184,1,-1,High,48.0,16.0,0.44340928576295885,0.0,0
NGP-1112,NGP-1449,Low,8.0,Juan.hernandez,Story,Team Aether Sprint 15,Team Aether,25.013122430555555,1,0.31983212100810543,1,-2,High,94.0,41.0,391.54604098527733,0.75,0
NGP-1114,NGP-1074,Low,5.0,Juan.hernandez,Story,Team Aether Sprint 14,Team Aether,3.782344131944445,0,1.3219315391668438,0,0,Medium,17.0,12.0,2.219019161194006,0.0,1
NGP-1407,NGP-1147,Low,3.0,Juan.hernandez,Story,Howl Sprint 1,Team Howl,48.01868827546296,0,0.06247567577836083,1,-2,Low,34.0,6.0,0.22948146070474354,0.0,0
NGP-1416,NGP-926,Medium,3.0,Mark Taylor,Story,Team Woof Sprint 9,Team Woof,15.032265636574074,0,0.19957071492276493,0,0,Low,29.0,19.0,0.7211196389289355,0.0,0
NGP-1417,NGP-926,Medium,2.0,Mark Taylor,Story,Team Woof Sprint 8,Team Woof,5.623381412037037,0,0.35565789574915424,0,0,Low,29.0,10.0,0.5098935734104764,0.0,0
NGP-1420,NGP-926,Medium,8.0,Roman Normann,Story,Team Woof Sprint 8,Team Woof,4.98580505787037,0,1.604555313965105,0,0,High,29.0,11.0,0.5098935734104764,0.0,1
NGP-1452,NGP-1025,High,3.0,Juan.hernandez,Story,Team Aether Sprint 8,Team Aether,12.479969594907406,0,0.2403852010364019,1,-1,Low,28.0,14.0,3.2952604164447155,0.6666666666666666,0
NGP-1474,NGP-1819,Medium,8.0,Mark Taylor,Bug,Team Woof Sprint 11,Team Woof,14.830142256944445,0,0.5394418921540605,0,0,High,42.0,16.0,1.2028426403615073,0.0,0
NGP-1488,NGP-1147,Low,3.0,Nikayla Bryant,Story,Swifty Sprint 12,Team Howl,22.08028153935185,0,0.13586783278344297,1,-1,Low,36.0,19.0,0.22352105289769783,0.0,0
NGP-1525,NGP-1642,Low,3.0,Jako Keskküla,Story,Panda #6: 5/06 - 5/20,Team Panda,13.92925988425926,0,0.21537396996879538,1,-1,Low,6.0,3.0,0.580022313390395,0.0,0
NGP-1533,NGP-1642,Low,5.0,Diego Penaranda,Story,Panda #7: 5/20 - 6/03,Team Panda,21.611863935185184,0,0.2313544086245959,1,-1,Medium,14.0,8.0,1.5838385280869933,0.0,0
NGP-1590,NGP-2705,Medium,3.0,Gabriel Gonzales,Bug,Buzz #4 9/19 - 10/03,Team Buzz,5.02081556712963,0,0.5975124877401305,0,0,Low,25.0,13.0,0.6521221361167356,0.0,0
NGP-1594,NGP-1591,Low,5.0,Fidel Rojas,Story,Meow #7: 4/29 - 5/13,Team Meow,15.044480486111112,0,0.33234780055156715,1,-1,Medium,12.0,5.0,0.3214244292250381,0.0,0
NGP-1595,NGP-1591,Low,5.0,Jaanis Eller,Story,Meow #8: 5/13 - 5/27,Team Meow,3.697290972222222,0,1.3523414947768628,1,-2,Medium,15.0,13.0,0.6367778655200542,0.0,1
NGP-1597,NGP-1591,Low,3.0,Jaanis Eller,Story,Meow #8: 5/13 - 5/27,Team Meow,8.584200891203704,0,0.349479239596329,1,-2,Low,15.0,13.0,0.6367778655200542,0.0,0
NGP-1598,NGP-1591,Low,5.0,Jaanis Eller,Story,Meow #10: 6/10 - 6/20,Team Meow,,0,0.0,1,-1,Medium,32.0,18.0,0.1914388186500642,0.14285714285714285,0
NGP-1616,NGP-960,Medium,5.0,Gabriel Gonzales,Story,Buzz #2: 8/22 - 9/5,Team Buzz,6.872873460648148,0,0.7274977531055072,1,-1,Medium,20.0,5.0,0.681815210141705,0.0,0
NGP-1617,NGP-960,Medium,5.0,Mark Taylor,Story,Buzz #2: 8/22 - 9/5,Team Buzz,14.7429871875,0,0.3391442952781851,1,-1,Medium,20.0,8.0,0.681815210141705,0.0,0
NGP-1619,NGP-960,Medium,5.0,Daniel Pacheco,Story,Buzz #2: 8/22 - 9/5,Team Buzz,3.194285173611111,0,1.565295434893042,1,-1,Medium,20.0,5.0,0.681815210141705,0.0,1
NGP-1649,NGP-1819,Low,3.0,Mark Taylor,Bug,Team Woof Sprint 11,Team Woof,5.251583831018518,0,0.5712562336490714,0,0,Low,42.0,16.0,1.2028426403615073,0.0,0
NGP-1670,NGP-1624,High,5.0,Juan Carlos Condori,Task,Swifty Sprint 9 (5/15-5/28),Team Howl,11.007738125,0,0.4542259220942359,0,0,Medium,34.0,6.0,1.943464796455907,0.0,0
NGP-1671,NGP-1624,High,5.0,Nikayla Bryant,Task,Swifty Sprint 10,Team Howl,6.073060486111111,0,0.8233081181119198,1,-1,Medium,39.0,27.0,0.3635465512886034,0.0,0
NGP-1672,NGP-1624,High,3.0,Nikayla Bryant,Task,Swifty Sprint 10,Team Howl,6.302519895833334,0,0.47600008402723704,1,-1,Low,39.0,27.0,0.3635465512886034,0.0,0
NGP-1673,NGP-1624,High,3.0,Nikayla Bryant,Task,Swifty Sprint 10,Team Howl,6.744796828703704,0,0.44478730437556796,1,-1,Low,39.0,27.0,0.3635465512886034,0.0,0
NGP-1676,NGP-1011,Low,2.0,Alex Borse,Bug,NGP-4 Sprint 8 (5/1-5/14),Team Howl,8.948173090277779,0,0.22350931076344588,1,-2,Low,16.0,3.0,1.0296438177383185,0.0,0
NGP-1696,NGP-926,Medium,8.0,Unassigned,Story,Team Woof Sprint 10,Team Woof,14.96656332175926,0,0.5345248490259039,1,-1,High,63.0,8.0,0.873940093651362,0.0,0
NGP-1698,NGP-1363,Low,1.0,Jako Keskküla,Sub-task,Panda #4: 4/08 - 4/22,Team Panda,0.0,0,0.0,0,0,Low,2.0,1.0,0.43248576801463406,0.0,1
NGP-1709,NGP-1624,Low,5.0,Nikayla Bryant,Task,Swifty Sprint 9 (5/15-5/28),Team Howl,19.863573229166665,0,0.2517170471956301,0,0,Medium,34.0,10.0,1.943464796455907,0.0,0
NGP-1711,NGP-1624,Low,5.0,Eduardo Morato Muñoz,Task,Swifty Sprint 9 (5/15-5/28),Team Howl,6.297115162037037,0,0.7940143814016836,0,0,Medium,34.0,8.0,1.943464796455907,0.0,0
NGP-1726,NGP-926,Medium,5.0,Mark Taylor,Story,Team Woof Sprint 8,Team Woof,11.671021030092591,0,0.4284115320423112,0,0,Medium,29.0,10.0,0.5098935734104764,0.0,0
NGP-1727,NGP-926,Medium,5.0,Mark Taylor,Story,Team Woof Sprint 10,Team Woof,20.478545949074075,0,0.24415795986853608,1,-1,Medium,63.0,16.0,0.873940093651362,0.0,0
NGP-1728,NGP-926,Medium,3.0,Mark Taylor,Story,Team Woof Sprint 9,Team Woof,8.67881795138889,0,0.34566919329375995,0,0,Low,29.0,19.0,0.7211196389289355,0.0,0
NGP-1743,NGP-1025,Low,3.0,Tanel Talvik,Task,Team Aether Sprint 8,Team Aether,6.023636793981481,0,0.4980379964139689,1,-1,Low,28.0,3.0,3.2952604164447155,0.0,0
NGP-1747,NGP-1009,Low,5.0,Jaanis Eller,Task,Meow #9: 5/28 - 6/10,Team Meow,27.95302833333333,0,0.1788714961533387,1,-1,Medium,19.0,13.0,0.2181344973379253,0.0,0
NGP-1749,NGP-1789,Low,3.0,Mark Taylor,Story,Team Woof Sprint 8,Team Woof,7.930240590277778,0,0.37829873707462347,0,0,Low,29.0,10.0,0.5098935734104764,0.0,0
NGP-1750,NGP-1642,Low,5.0,Diego Villarroel,Story,Panda #8: 6/03 - 06/17,Team Panda,38.66508359953704,0,0.12931563918976935,1,-1,Medium,26.0,6.0,2.266058435894734,0.0,0
NGP-1751,NGP-1642,Low,1.0,rain.tougjas,Story,Panda #6: 5/06 - 5/20,Team Panda,6.190176886574075,0,0.16154627215401682,1,-1,Low,6.0,1.0,0.580022313390395,0.0,0
NGP-1752,NGP-1624,High,3.0,Nikayla Bryant,Story,Swifty Sprint 10,Team Howl,6.410942789351853,0,0.4679498942000854,1,-1,Low,39.0,27.0,0.3635465512886034,0.0,0
NGP-1753,NGP-1624,High,3.0,Nikayla Bryant,Story,Swifty Sprint 10,Team Howl,5.327710543981482,0,0.5630936544383007,1,-1,Low,39.0,27.0,0.3635465512886034,0.0,0
NGP-1754,NGP-1624,High,5.0,Nikayla Bryant,Story,Swifty Sprint 10,Team Howl,6.298897060185185,0,0.7937897622751438,1,-1,Medium,39.0,27.0,0.3635465512886034,0.0,0
NGP-1756,NGP-1624,High,2.0,Nikayla Bryant,Task,Swifty Sprint 11,Team Howl,20.13572717592593,1,0.0993259385432665,1,-2,Low,15.0,5.0,0.2413047066889284,0.5,0
NGP-1757,NGP-1420,Low,1.0,Roman Normann,Sub-task,Team Woof Sprint 8,Team Woof,5.127178506944444,0,0.1950390450899188,0,0,Low,29.0,11.0,0.5098935734104764,0.0,0
NGP-1758,NGP-1420,Low,1.0,Roman Normann,Sub-task,Team Woof Sprint 8,Team Woof,5.0143892245370365,0,0.19942608266360237,0,0,Low,29.0,11.0,0.5098935734104764,0.0,0
NGP-1759,NGP-1420,Low,1.0,Roman Normann,Sub-task,Team Woof Sprint 8,Team Woof,5.014164282407408,0,0.199435029184939,0,0,Low,29.0,11.0,0.5098935734104764,0.0,0
NGP-1773,NGP-1624,Low,5.0,Nikayla Bryant,Story,Swifty Sprint 9 (5/15-5/28),Team Howl,11.810294398148148,0,0.4233594719521978,0,0,Medium,34.0,10.0,1.943464796455907,0.0,0
NGP-1774,NGP-1624,Low,3.0,Nikayla Bryant,Story,Swifty Sprint 10,Team Howl,20.010151157407407,0,0.14992390494208999,1,-1,Low,39.0,27.0,0.3635465512886034,0.0,0
NGP-1787,NGP-926,Low,8.0,Freddy Aguilar,Story,Team Woof Sprint 8,Team Woof,11.137020902777778,0,0.718324951514157,0,0,High,29.0,8.0,0.5098935734104764,0.0,0
NGP-1788,NGP-926,Low,8.0,Mark Taylor,Story,Team Woof Sprint 9,Team Woof,9.999342141203703,0,0.8000526321661571,0,0,High,29.0,19.0,0.7211196389289355,0.0,0
NGP-1801,NGP-1591,Low,5.0,Jaanis Eller,Story,Meow #10: 6/10 - 6/20,Team Meow,14.100345567129631,0,0.35460123840197744,1,-1,Medium,32.0,18.0,0.1914388186500642,0.14285714285714285,0
NGP-1803,NGP-1591,Low,5.0,Jaanis Eller,Story,Meow #10: 6/10 - 6/20,Team Meow,15.217290659722222,0,0.3285736016881254,1,-1,Medium,32.0,18.0,0.1914388186500642,0.14285714285714285,0
NGP-1804,NGP-1591,Low,5.0,Jaanis Eller,Story,Meow #8: 5/13 - 5/27,Team Meow,8.07759394675926,0,0.6189962051764196,1,-2,Medium,15.0,13.0,0.6367778655200542,0.0,0
NGP-1805,NGP-1591,Low,2.0,Indrek Ilves,Story,Meow #8: 5/13 - 5/27,Team Meow,8.838039814814815,0,0.22629452253060556,1,-2,Low,15.0,2.0,0.6367778655200542,0.0,0
NGP-1806,NGP-1591,Low,5.0,Jaanis Eller,Story,Meow #9: 5/28 - 6/10,Team Meow,16.924453773148148,0,0.29543050942848487,1,-1,Medium,19.0,13.0,0.2181344973379253,0.0,0
NGP-1834,NGP-2093,Medium,3.0,Freddy Aguilar,Bug,Team Woof Sprint 11,Team Woof,1.1952758912037036,0,2.509880791604395,0,0,Low,42.0,3.0,1.2028426403615073,0.0,0
NGP-1835,NGP-1009,Low,5.0,Jaanis Eller,Task,Meow #7: 4/29 - 5/13,Team Meow,10.9398659375,0,0.457043991998188,1,-1,Medium,12.0,7.0,0.3214244292250381,0.0,0
NGP-1836,NGP-1835,Low,1.0,Jaanis Eller,Sub-task,Meow #7: 4/29 - 5/13,Team Meow,0.0,0,0.0,1,-1,Low,12.0,7.0,0.3214244292250381,0.0,1
NGP-1837,NGP-1835,Low,1.0,Jaanis Eller,Sub-task,Meow #7: 4/29 - 5/13,Team Meow,2.014886284722222,0,0.4963059243503972,1,-1,Low,12.0,7.0,0.3214244292250381,0.0,0
NGP-1838,NGP-1067,Low,13.0,Mark Taylor,Story,Quack #2: 8/28 - 9/11,Team Quack,39.99758630787037,0,0.32501961243201255,1,-1,High,41.0,26.0,396.21364254055817,0.0,1
NGP-1839,NGP-1067,Low,5.0,Jako Keskküla,Story,Panda #10: 7/01 - 7/15,Team Panda,13.964018541666666,0,0.35806311665089124,1,-1,Medium,17.0,7.0,0.21357704407253092,0.0,0
NGP-1840,NGP-1067,Low,5.0,Jako Keskküla,Story,Panda #11: 7/15 - 7/29,Team Panda,9.971505347222225,0,0.5014288039661792,1,-1,Medium,24.0,5.0,1.108332457538981,0.0,0
NGP-1841,NGP-1067,Low,3.0,rain.tougjas,Story,Panda #11: 7/15 - 7/29,Team Panda,10.00095087962963,0,0.29997147632336946,1,-1,Low,24.0,6.0,1.108332457538981,0.0,0
NGP-1844,NGP-1067,Low,3.0,rain.tougjas,Story,Panda #5: 4/22 - 5/06,Team Panda,13.040834131944443,0,0.23004663426024938,1,-1,Low,4.0,3.0,1.7706784083021065,0.0,0
NGP-1846,NGP-1067,Low,2.0,Jako Keskküla,Story,Panda #9: 6/17 - 07/01,Team Panda,4.004249722222222,0,0.49946934850258745,1,-1,Low,19.0,8.0,0.4293983321571779,0.0,0
NGP-1847,NGP-1067,Low,3.0,Jako Keskküla,Story,Panda #8: 6/03 - 06/17,Team Panda,10.70895119212963,0,0.28013947829034846,1,-1,Low,26.0,8.0,2.266058435894734,0.0,0
NGP-1848,NGP-1067,Low,3.0,rain.tougjas,Story,Panda #10: 7/01 - 7/15,Team Panda,23.035524166666665,0,0.1302336329876583,1,-1,Low,17.0,4.0,0.21357704407253092,0.0,0
NGP-1849,NGP-909,Low,1.0,Sachin Marne,Sub-task,Team Aether Sprint 8,Team Aether,0.0,0,0.0,1,-1,Low,28.0,8.0,3.2952604164447155,0.0,1
NGP-1850,NGP-909,Low,1.0,Sachin Marne,Sub-task,Team Aether Sprint 8,Team Aether,0.0,0,0.0,1,-1,Low,28.0,8.0,3.2952604164447155,0.0,1
NGP-1851,NGP-1055,Low,1.0,Sachin Marne,Sub-task,Team Aether Sprint 8,Team Aether,0.8287653819444444,0,1.2066141054948578,1,-1,Low,28.0,8.0,3.2952604164447155,0.0,0
NGP-1858,NGP-1011,Low,2.0,Eduardo Morato Muñoz,Bug,NGP-4 Sprint 8 (5/1-5/14),Team Howl,2.036666377314815,0,0.981996866191135,1,-2,Low,16.0,4.0,1.0296438177383185,0.0,0
NGP-1859,NGP-1011,Low,2.0,Eduardo Morato Muñoz,Bug,NGP-4 Sprint 8 (5/1-5/14),Team Howl,0.2973725231481481,0,6.725570939866625,1,-2,Low,16.0,4.0,1.0296438177383185,0.0,0
NGP-1863,NGP-1070,Low,5.0,Juan.hernandez,Story,Team Aether Sprint 10,Team Aether,2.775713761574074,0,1.8013384770497949,1,-1,Medium,45.0,31.0,241.60257920914634,0.0,0
NGP-1867,NGP-926,Medium,8.0,Rafael Rojas,Story,Team Woof Sprint 9,Team Woof,4.0438246527777775,0,1.9783251468395529,0,0,High,29.0,9.0,0.7211196389289355,0.0,1
NGP-1868,NGP-1867,Low,1.0,Rafael Rojas,Sub-task,Team Woof Sprint 9,Team Woof,1.1362554398148148,0,0.8800837953858144,0,0,Low,29.0,9.0,0.7211196389289355,0.0,0
NGP-1869,NGP-1867,Low,1.0,Anahi Callejas,Sub-task,Team Woof Sprint 9,Team Woof,3.741104212962963,0,0.26730076016994936,0,0,Low,29.0,1.0,0.7211196389289355,0.0,0
NGP-1872,NGP-893,Low,1.0,Sachin Marne,Sub-task,Team Aether Sprint 8,Team Aether,0.8597309606481482,0,1.1631545748289713,1,-1,Low,28.0,8.0,3.2952604164447155,0.0,0
NGP-1875,NGP-1067,Low,3.0,rain.tougjas,Story,Panda #11: 7/15 - 7/29,Team Panda,16.182109166666667,0,0.18538992470645693,1,-1,Low,24.0,6.0,1.108332457538981,0.0,0
NGP-1880,NGP-1363,Low,1.0,Heidi Raidma,Sub-task,Panda #4: 4/08 - 4/22,Team Panda,1.1561074074074074,0,0.8649715360292681,0,0,Low,2.0,1.0,0.43248576801463406,0.0,0
NGP-1882,NGP-1642,Low,3.0,Diego Penaranda,Story,Panda #7: 5/20 - 6/03,Team Panda,7.022656354166666,0,0.42718877995789256,1,-1,Low,14.0,8.0,1.5838385280869933,0.0,0
NGP-1884,NGP-894,Low,1.0,Brayan Huber Gonzales Velasquez,Sub-task,Team Aether Sprint 8,Team Aether,7.275358495370371,0,0.13745027143835506,1,-1,Low,28.0,1.0,3.2952604164447155,0.0,0
NGP-1885,NGP-1881,Low,1.0,Heidi Raidma,Sub-task,Panda #6: 5/06 - 5/20,Team Panda,1.0696680208333331,0,0.9348694927057296,1,-1,Low,6.0,2.0,0.580022313390395,0.0,0
NGP-1886,NGP-1489,Low,1.0,Umesh Nawathe,Sub-task,Team Woof Sprint 6,Team Woof,16.08115630787037,0,0.06218458305206476,1,-1,Low,1.0,1.0,0.06218458305206476,0.0,0
NGP-1890,NGP-1624,Low,2.0,Nikayla Bryant,Task,Swifty Sprint 10,Team Howl,6.060242662037037,0,0.33001978823860123,1,-1,Low,39.0,27.0,0.3635465512886034,0.0,0
NGP-1894,NGP-1528,Low,1.0,Heidi Raidma,Sub-task,Panda #5: 4/22 - 5/06,Team Panda,0.3019952662037037,0,3.3113101823439637,1,-1,Low,4.0,1.0,1.7706784083021065,0.0,1
NGP-1895,NGP-1025,Medium,2.0,Alejandra Zurita,Bug,Team Aether Sprint 8,Team Aether,0.227085474537037,0,8.807256404564994,1,-1,Low,28.0,2.0,3.2952604164447155,0.0,0
NGP-1896,NGP-1624,Low,8.0,Nikayla Bryant,Task,Swifty Sprint 12,Team Howl,28.14753353009259,0,0.28421673222085986,1,-1,High,36.0,19.0,0.22352105289769783,0.0,0
NGP-1898,NGP-1624,Low,3.0,Nikayla Bryant,Story,Swifty Sprint 12,Team Howl,26.898749490740737,0,0.11152934827073205,1,-1,Low,36.0,19.0,0.22352105289769783,0.0,0
NGP-1899,NGP-1624,High,3.0,Eduardo Morato Muñoz,Bug,Swifty Sprint 9 (5/15-5/28),Team Howl,12.305141354166668,0,0.24380053131077312,0,0,Low,34.0,8.0,1.943464796455907,0.0,0
NGP-1906,NGP-926,Medium,8.0,Mark Taylor,Story,Team Woof Sprint 10,Team Woof,12.85535582175926,0,0.622308717932103,1,-1,High,63.0,16.0,0.873940093651362,0.0,0
NGP-1907,NGP-1070,Low,5.0,Juan.hernandez,Story,Team Aether Sprint 10,Team Aether,33.420426782407404,0,0.14960910082189652,1,-1,Medium,45.0,31.0,241.60257920914634,0.0,0
NGP-1908,NGP-1533,Low,1.0,Jako Keskküla,Sub-task,Panda #7: 5/20 - 6/03,Team Panda,0.0,0,0.0,1,-1,Low,14.0,1.0,1.5838385280869933,0.0,1
NGP-1909,NGP-1750,Low,1.0,Unassigned,Sub-task,Panda #8: 6/03 - 06/17,Team Panda,5.372213460648148,0,0.18614301299177186,1,-1,Low,26.0,1.0,2.266058435894734,0.0,0
NGP-1910,NGP-1750,Low,1.0,Diego Villarroel,Sub-task,Panda #8: 6/03 - 06/17,Team Panda,5.371425034722223,0,0.18617033534597469,1,-1,Low,26.0,6.0,2.266058435894734,0.0,0
NGP-1912,NGP-1070,Low,2.0,Juan.hernandez,Story,Team Aether Sprint 11,Team Aether,6.305159502314814,0,0.3172005401712264,1,-1,Low,56.0,28.0,2.3452685402564035,0.0,0
NGP-1913,NGP-1550,Low,1.0,Juan Carlos Condori,Sub-task,NGP-4 Sprint 8 (5/1-5/14),Team Howl,4.895014606481482,0,0.2042894823390111,1,-2,Low,16.0,4.0,1.0296438177383185,0.0,0
NGP-1914,NGP-1550,Low,1.0,ricardo.pari,Sub-task,NGP-4 Sprint 8 (5/1-5/14),Team Howl,4.892708773148148,0,0.2043857597836471,1,-2,Low,16.0,3.0,1.0296438177383185,0.0,0
NGP-1915,NGP-1550,Low,1.0,Huascar Mamani,Sub-task,NGP-4 Sprint 8 (5/1-5/14),Team Howl,5.902813773148148,0,0.1694107316325973,1,-2,Low,16.0,2.0,1.0296438177383185,0.0,0
NGP-1916,NGP-1550,Low,1.0,ricardo.pari,Sub-task,NGP-4 Sprint 8 (5/1-5/14),Team Howl,0.9390617592592592,0,1.0648926869184936,1,-2,Low,16.0,3.0,1.0296438177383185,0.0,0
NGP-1917,NGP-1550,Low,1.0,Alex Borse,Sub-task,NGP-4 Sprint 8 (5/1-5/14),Team Howl,6.825951168981481,0,0.14649972952402657,1,-2,Low,16.0,3.0,1.0296438177383185,0.0,0
NGP-1918,NGP-1550,Low,1.0,Juan Carlos Condori,Sub-task,NGP-4 Sprint 8 (5/1-5/14),Team Howl,1.2051645023148148,0,0.8297622424816314,1,-2,Low,16.0,4.0,1.0296438177383185,0.0,0
NGP-1919,NGP-1550,Low,1.0,Juan Carlos Condori,Sub-task,NGP-4 Sprint 8 (5/1-5/14),Team Howl,1.104097662037037,0,0.9057169799227913,1,-2,Low,16.0,4.0,1.0296438177383185,0.0,0
NGP-1920,NGP-1550,Low,1.0,Huascar Mamani,Sub-task,NGP-4 Sprint 8 (5/1-5/14),Team Howl,1.2084734606481482,0,0.8274902449770504,1,-2,Low,16.0,2.0,1.0296438177383185,0.0,0
NGP-1921,NGP-1550,Low,1.0,Juan Carlos Condori,Sub-task,NGP-4 Sprint 8 (5/1-5/14),Team Howl,1.7027694791666663,0,0.5872785554562553,1,-2,Low,16.0,4.0,1.0296438177383185,0.0,0
NGP-1922,NGP-1711,Low,1.0,Unassigned,Sub-task,Swifty Sprint 9 (5/15-5/28),Team Howl,0.0,0,0.0,0,0,Low,34.0,2.0,1.943464796455907,0.18181818181818182,1
NGP-1923,NGP-1711,Low,1.0,Unassigned,Sub-task,Swifty Sprint 9 (5/15-5/28),Team Howl,0.0,0,0.0,0,0,Low,34.0,2.0,1.943464796455907,0.18181818181818182,1
NGP-1924,NGP-1070,Low,5.0,Alejandra Zurita,Bug,Team Aether Sprint 11,Team Aether,1.7520527199074076,0,2.8537954042069233,1,-1,Medium,56.0,25.0,2.3452685402564035,0.3333333333333333,0
NGP-1927,NGP-1525,Low,1.0,Heidi Raidma,Sub-task,Panda #6: 5/06 - 5/20,Team Panda,0.9917687962962962,0,1.0082995187330381,1,-1,Low,6.0,2.0,0.580022313390395,0.0,0
NGP-1928,NGP-1819,Medium,2.0,Rafael Rojas,Bug,Team Woof Sprint 11,Team Woof,0.8417211921296296,0,2.376083694578037,0,0,Low,42.0,7.0,1.2028426403615073,0.0,1
NGP-1929,NGP-2705,Low,2.0,Mark Taylor,Bug,Quack #3: 9/11 - 9/25,Team Quack,5.80344332175926,0,0.3446229917506489,1,-1,Low,5.0,2.0,0.38782516951533574,0.0,0
NGP-1931,NGP-2705,Medium,5.0,Mark Taylor,Bug,Quack #4: 9/25 - 10/9,Team Quack,10.993607256944443,0,0.4548097710914313,1,-2,Medium,26.0,20.0,1.3131603117485475,0.0,0
NGP-1934,NGP-926,Medium,5.0,Karolin Laas,Bug,Team Woof Sprint 10,Team Woof,1.7853434375,0,2.80058161078602,1,-1,Medium,63.0,20.0,0.873940093651362,0.0,0
NGP-1936,NGP-1025,Low,3.0,Alejandra Zurita,Bug,Team Aether Sprint 9,Team Aether,0.6570929398148149,0,4.565564196817386,1,-1,Low,37.0,3.0,3.1883835054095897,0.0,0
NGP-1937,NGP-1550,Low,1.0,ricardo.pari,Sub-task,NGP-4 Sprint 8 (5/1-5/14),Team Howl,1.9433849189814811,0,0.5145661007414297,1,-2,Low,16.0,3.0,1.0296438177383185,0.0,0
NGP-1939,NGP-926,Low,5.0,Mark Taylor,Story,Team Woof Sprint 9,Team Woof,8.667986527777778,0,0.5768352297245501,0,0,Medium,29.0,19.0,0.7211196389289355,0.0,0
NGP-1941,NGP-1819,Medium,3.0,Umesh Nawathe,Bug,Team Woof Sprint 11,Team Woof,0.9364331828703704,0,3.2036455508810042,0,0,Low,42.0,3.0,1.2028426403615073,0.0,0
NGP-1942,NGP-894,Low,1.0,Sachin Marne,Sub-task,Team Aether Sprint 8,Team Aether,0.9584561921296296,0,1.0433445036001725,1,-1,Low,28.0,8.0,3.2952604164447155,0.0,0
NGP-1943,NGP-1067,Low,3.0,rain.tougjas,Story,Panda #8: 6/03 - 06/17,Team Panda,10.897618483796297,0,0.2752895051758978,1,-1,Low,26.0,4.0,2.266058435894734,0.0,0
NGP-1944,NGP-1819,Medium,2.0,Karolin Laas,Bug,Team Woof Sprint 10,Team Woof,4.967525127314815,0,0.40261497400438834,1,-1,Low,63.0,20.0,0.873940093651362,0.0,0
NGP-1945,NGP-926,Low,5.0,Karolin Laas,Bug,Team Woof Sprint 10,Team Woof,7.044940185185186,0,0.7097292338286287,1,-1,Medium,63.0,20.0,0.873940093651362,0.0,0
NGP-1947,NGP-1747,Low,1.0,Indrek Ilves,Sub-task,Meow #9: 5/28 - 6/10,Team Meow,14.095494074074075,0,0.0709446575440946,1,-1,Low,19.0,2.0,0.2181344973379253,0.0,0
NGP-1950,NGP-1709,Low,1.0,Alex Borse,Sub-task,Swifty Sprint 9 (5/15-5/28),Team Howl,0.9574688773148148,0,1.0444203709309718,0,0,Low,34.0,3.0,1.943464796455907,0.18181818181818182,0
NGP-1951,NGP-1711,Low,1.0,Alex Borse,Sub-task,Swifty Sprint 9 (5/15-5/28),Team Howl,0.1143143402777777,0,8.747808871310928,0,0,Low,34.0,3.0,1.943464796455907,0.18181818181818182,1
NGP-1952,NGP-1035,Low,1.0,Sachin Marne,Sub-task,Team Aether Sprint 9,Team Aether,3.003663900462963,0,0.33292672986676947,1,-1,Low,37.0,5.0,3.1883835054095897,0.0,0
NGP-1954,NGP-926,High,3.0,Karolin Laas,Bug,Team Woof Sprint 10,Team Woof,1.7709588541666668,0,1.6939975725250063,1,-1,Low,63.0,20.0,0.873940093651362,0.0,1
NGP-1955,NGP-1533,Low,1.0,rain.tougjas,Sub-task,Panda #7: 5/20 - 6/03,Team Panda,0.1882439467592592,0,5.312255810694815,1,-1,Low,14.0,2.0,1.5838385280869933,0.0,1
NGP-1956,NGP-1533,Low,1.0,Diego Villarroel,Sub-task,Panda #7: 5/20 - 6/03,Team Panda,2.2090939814814816,0,0.4526742675426472,1,-1,Low,14.0,1.0,1.5838385280869933,0.0,0
NGP-1957,NGP-1533,Low,1.0,rain.tougjas,Sub-task,Panda #7: 5/20 - 6/03,Team Panda,0.1669925694444444,0,5.98829039715257,1,-1,Low,14.0,2.0,1.5838385280869933,0.0,1
NGP-1959,NGP-1882,Low,1.0,Heidi Raidma,Sub-task,Panda #7: 5/20 - 6/03,Team Panda,5.943597905092592,0,0.16824825904578442,1,-1,Low,14.0,2.0,1.5838385280869933,0.0,0
NGP-1960,NGP-1533,Low,1.0,Heidi Raidma,Sub-task,Panda #7: 5/20 - 6/03,Team Panda,11.025807905092591,0,0.09069630167764131,1,-1,Low,14.0,2.0,1.5838385280869933,0.0,0
NGP-1964,NGP-1452,Low,1.0,Sachin Marne,Sub-task,Team Aether Sprint 8,Team Aether,0.0308209259259259,0,32.44548857498215,1,-1,Low,28.0,8.0,3.2952604164447155,0.0,1
NGP-1965,NGP-1750,Low,1.0,rain.tougjas,Sub-task,Panda #8: 6/03 - 06/17,Team Panda,0.0459139814814814,0,21.779858067924962,1,-1,Low,26.0,4.0,2.266058435894734,0.0,1
NGP-1966,NGP-1591,Low,3.0,Jaanis Eller,Story,Meow #9: 5/28 - 6/10,Team Meow,10.222765416666666,0,0.2934626666781335,1,-1,Low,19.0,13.0,0.2181344973379253,0.0,0
NGP-1969,NGP-1025,Medium,5.0,Unassigned,Task,Team Aether Sprint 9,Team Aether,0.9237226273148148,0,5.41288028694781,1,-1,Medium,37.0,5.0,3.1883835054095897,0.0,0
NGP-1971,NGP-1806,Low,1.0,Indrek Ilves,Sub-task,Meow #9: 5/28 - 6/10,Team Meow,2.853509849537037,0,0.35044561004835617,1,-1,Low,19.0,2.0,0.2181344973379253,0.0,0
NGP-1972,NGP-2093,Low,3.0,Rafael Rojas,Bug,Team Woof Sprint 11,Team Woof,2.0688223726851853,0,1.4501003274177724,0,0,Low,42.0,7.0,1.2028426403615073,0.0,1
NGP-1973,NGP-1709,Low,1.0,ricardo.pari,Sub-task,Swifty Sprint 9 (5/15-5/28),Team Howl,11.20026855324074,1,0.08928357344705411,0,0,Low,34.0,4.0,1.943464796455907,0.18181818181818182,0
NGP-1974,NGP-1709,Low,1.0,ricardo.pari,Sub-task,Swifty Sprint 9 (5/15-5/28),Team Howl,7.150642453703704,1,0.13984757404309117,0,0,Low,34.0,4.0,1.943464796455907,0.18181818181818182,0
NGP-1975,NGP-1709,Low,1.0,ricardo.pari,Sub-task,Swifty Sprint 9 (5/15-5/28),Team Howl,11.200200115740742,0,0.08928411900378473,0,0,Low,34.0,4.0,1.943464796455907,0.18181818181818182,0
NGP-1976,NGP-894,High,1.0,Sachin Marne,Sub-task,Team Aether Sprint 8,Team Aether,0.0,0,0.0,1,-1,Low,28.0,8.0,3.2952604164447155,0.0,1
NGP-1977,NGP-1711,Low,1.0,Juan Carlos Condori,Sub-task,Swifty Sprint 9 (5/15-5/28),Team Howl,5.65753875,0,0.1767553072438081,0,0,Low,34.0,6.0,1.943464796455907,0.18181818181818182,0
NGP-1978,NGP-1711,Low,1.0,Huascar Mamani,Sub-task,Swifty Sprint 9 (5/15-5/28),Team Howl,2.4178700462962963,0,0.4135871576438958,0,0,Low,34.0,1.0,1.943464796455907,0.18181818181818182,0
NGP-1980,NGP-1672,Low,1.0,Unassigned,Sub-task,Swifty Sprint 10,Team Howl,0.0,0,0.0,1,-1,Low,39.0,9.0,0.3635465512886034,0.0,1
NGP-1981,NGP-1671,Low,1.0,Unassigned,Sub-task,Swifty Sprint 10,Team Howl,0.0,0,0.0,1,-1,Low,39.0,9.0,0.3635465512886034,0.0,1
NGP-1983,NGP-1890,Low,1.0,Unassigned,Sub-task,Swifty Sprint 10,Team Howl,0.0,0,0.0,1,-1,Low,39.0,9.0,0.3635465512886034,0.0,1
NGP-1986,NGP-1673,Low,1.0,Unassigned,Sub-task,Swifty Sprint 10,Team Howl,0.0,0,0.0,1,-1,Low,39.0,9.0,0.3635465512886034,0.0,1
NGP-1987,NGP-1752,Low,1.0,Unassigned,Sub-task,Swifty Sprint 10,Team Howl,0.0,0,0.0,1,-1,Low,39.0,9.0,0.3635465512886034,0.0,1
NGP-1989,NGP-1774,Low,1.0,Unassigned,Sub-task,Swifty Sprint 10,Team Howl,0.0,0,0.0,1,-1,Low,39.0,9.0,0.3635465512886034,0.0,1
NGP-1995,NGP-1754,Low,1.0,Unassigned,Sub-task,Swifty Sprint 10,Team Howl,0.0,0,0.0,1,-1,Low,39.0,9.0,0.3635465512886034,0.0,1
NGP-1997,NGP-1753,Low,1.0,Unassigned,Sub-task,Swifty Sprint 10,Team Howl,0.0,0,0.0,1,-1,Low,39.0,9.0,0.3635465512886034,0.0,1
NGP-1998,NGP-1753,Low,1.0,Unassigned,Sub-task,Swifty Sprint 10,Team Howl,0.0,0,0.0,1,-1,Low,39.0,9.0,0.3635465512886034,0.0,1
NGP-1999,NGP-1756,Low,1.0,Unassigned,Sub-task,Swifty Sprint 11,Team Howl,0.0,0,0.0,1,-2,Low,15.0,5.0,0.2413047066889284,0.0,1
NGP-2002,NGP-1898,Low,1.0,Unassigned,Sub-task,Swifty Sprint 12,Team Howl,0.0,0,0.0,1,-1,Low,36.0,1.0,0.22352105289769783,0.0,1
NGP-2003,NGP-1093,Low,1.0,Sachin Marne,Sub-task,Team Aether Sprint 9,Team Aether,0.0,0,0.0,1,-1,Low,37.0,5.0,3.1883835054095897,0.0,1
NGP-2004,NGP-1624,High,3.0,Nikayla Bryant,Task,Swifty Sprint 11,Team Howl,4.984194155092593,0,0.6019027161963092,1,-2,Low,15.0,5.0,0.2413047066889284,0.5,0
NGP-2005,NGP-2004,Low,1.0,Unassigned,Sub-task,Swifty Sprint 11,Team Howl,0.0,0,0.0,1,-2,Low,15.0,5.0,0.2413047066889284,0.0,1
NGP-2006,NGP-2004,Low,1.0,Unassigned,Sub-task,Swifty Sprint 11,Team Howl,0.0,0,0.0,1,-2,Low,15.0,5.0,0.2413047066889284,0.0,1
NGP-2009,NGP-1070,Low,2.0,Alejandra Zurita,Bug,Team Aether Sprint 11,Team Aether,20.224409872685182,1,0.0988904008863652,1,-1,Low,56.0,25.0,2.3452685402564035,0.3333333333333333,0
NGP-2010,NGP-1452,Low,1.0,Sachin Marne,Sub-task,Team Aether Sprint 8,Team Aether,0.0,0,0.0,1,-1,Low,28.0,8.0,3.2952604164447155,0.0,1
NGP-2013,NGP-1025,High,5.0,Juan.hernandez,Story,Team Aether Sprint 10,Team Aether,14.61304574074074,0,0.3421600184320335,1,-1,Medium,45.0,31.0,241.60257920914634,0.0,0
NGP-2014,NGP-1709,Low,1.0,Alex Borse,Sub-task,Swifty Sprint 9 (5/15-5/28),Team Howl,6.08656869212963,0,0.16429618239469995,0,0,Low,34.0,3.0,1.943464796455907,0.18181818181818182,0
NGP-2016,NGP-1025,High,5.0,Juan.hernandez,Task,Team Aether Sprint 9,Team Aether,7.723714803240741,0,0.647356890741497,1,-1,Medium,37.0,23.0,3.1883835054095897,0.0,0
NGP-2022,NGP-1025,Low,5.0,Alejandra Zurita,Bug,Team Aether Sprint 10,Team Aether,11.731585960648149,0,0.42619983493892066,1,-1,Medium,45.0,5.0,241.60257920914634,0.0,0
NGP-2024,NGP-1591,Low,1.0,Vicente Rodriguez,Story,Meow #9: 5/28 - 6/10,Team Meow,12.643665833333332,0,0.07909098620462066,1,-1,Low,19.0,1.0,0.2181344973379253,0.0,0
NGP-2025,NGP-1624,Low,1.0,Stella Martins,Bug,Swifty Sprint 11,Team Howl,0.9553597453703704,0,1.0467261205487821,1,-2,Low,15.0,1.0,0.2413047066889284,0.0,0
NGP-2027,NGP-1037,Low,1.0,Sachin Marne,Sub-task,Team Aether Sprint 10,Team Aether,0.0119459606481481,0,83.71030421525984,1,-1,Low,45.0,6.0,241.60257920914634,0.0,1
NGP-2030,NGP-1647,Low,3.0,Jaanis Eller,Story,Meow #10: 6/10 - 6/20,Team Meow,16.229290694444444,0,0.18485096215738805,1,-1,Low,32.0,18.0,0.1914388186500642,0.14285714285714285,0
NGP-2031,NGP-1647,Low,5.0,Fidel Rojas,Story,Meow #10: 6/10 - 6/20,Team Meow,21.55909908564815,0,0.2319206373205312,1,-1,Medium,32.0,5.0,0.1914388186500642,0.14285714285714285,0
NGP-2032,NGP-1647,Low,5.0,Jaanis Eller,Story,Meow #12: 7/8 - 7/22,Team Meow,13.050930069444444,1,0.38311445800374605,1,-1,Medium,14.0,5.0,26.117567045087643,0.3333333333333333,0
NGP-2033,NGP-926,Low,5.0,Karolin Laas,Bug,Team Woof Sprint 10,Team Woof,6.103488657407408,0,0.8192036195449998,1,-1,Medium,63.0,20.0,0.873940093651362,0.0,0
NGP-2034,NGP-1647,Low,5.0,Fidel Rojas,Story,Meow #11: 6/20 - 7/8,Team Meow,5.872017083333334,0,0.8514961603554598,1,-1,Medium,14.0,8.0,1.1121720696325048,0.0,0
NGP-2035,NGP-1647,Low,3.0,Margo Janisk,Story,Meow #11: 6/20 - 7/8,Team Meow,2.1997965625,0,1.363762472921857,1,-1,Low,14.0,3.0,1.1121720696325048,0.0,1
NGP-2036,NGP-1647,Low,3.0,Margo Janisk,Story,Meow #10: 6/10 - 6/20,Team Meow,21.857295069444444,0,0.1372539461295863,1,-1,Low,32.0,3.0,0.1914388186500642,0.14285714285714285,0
NGP-2037,NGP-1647,Low,3.0,Jaanis Eller,Story,Meow #13: 7/22 - 8/5,Team Meow,47.971163877314815,0,0.06253756960478243,1,-4,Low,24.0,28.0,0.38053468723037315,0.0,0
NGP-2042,NGP-926,Low,2.0,Roman Normann,Story,Team Woof Sprint 10,Team Woof,4.911562210648148,0,0.40720241630331966,1,-1,Low,63.0,8.0,0.873940093651362,0.0,0
NGP-2043,NGP-926,Low,3.0,Anahi Callejas,Story,Team Woof Sprint 10,Team Woof,6.928659421296296,0,0.43298419183067943,1,-1,Low,63.0,5.0,0.873940093651362,0.0,0
NGP-2044,NGP-926,Medium,2.0,Anahi Callejas,Story,Team Woof Sprint 10,Team Woof,0.8195401273148148,0,2.440393012301798,1,-1,Low,63.0,5.0,0.873940093651362,0.0,1
NGP-2045,NGP-1647,Low,5.0,Indrek Ilves,Story,Meow #10: 6/10 - 6/20,Team Meow,27.61718440972222,1,0.18104669635474585,1,-1,Medium,32.0,6.0,0.1914388186500642,0.14285714285714285,0
NGP-2046,NGP-1591,Low,3.0,Fidel Rojas,Story,Meow #9: 5/28 - 6/10,Team Meow,11.596642997685183,0,0.25869555530844857,1,-1,Low,19.0,3.0,0.2181344973379253,0.0,0
NGP-2052,NGP-1036,Low,1.0,Luhana González,Sub-task,Team Aether Sprint 10,Team Aether,12.942521828703702,0,0.0772646948743959,1,-1,Low,45.0,1.0,241.60257920914634,0.0,0
NGP-2056,NGP-1598,Low,1.0,Indrek Ilves,Sub-task,Meow #10: 6/10 - 6/20,Team Meow,8.828972175925927,0,0.11326346714815945,1,-1,Low,32.0,6.0,0.1914388186500642,0.0,0
NGP-2057,NGP-1888,Low,1.0,Sachin Marne,Sub-task,Team Aether Sprint 9,Team Aether,0.0,0,0.0,1,-1,Low,37.0,5.0,3.1883835054095897,0.0,1
NGP-2058,NGP-2025,Low,1.0,Unassigned,Sub-task,Swifty Sprint 11,Team Howl,0.0,0,0.0,1,-2,Low,15.0,5.0,0.2413047066889284,0.0,1
NGP-2059,NGP-2025,Low,1.0,Unassigned,Sub-task,Swifty Sprint 11,Team Howl,0.0,0,0.0,1,-2,Low,15.0,5.0,0.2413047066889284,0.0,1
NGP-2060,NGP-1624,Low,5.0,ricardo.pari,Story,Swifty Sprint 12,Team Howl,27.90300153935185,0,0.17919219166971898,1,-1,Medium,36.0,5.0,0.22352105289769783,0.0,0
NGP-2064,NGP-1642,Low,5.0,Diego Penaranda,Story,Panda #8: 6/03 - 06/17,Team Panda,10.987417094907409,0,0.45506600475897696,1,-1,Medium,26.0,5.0,2.266058435894734,0.0,0
NGP-2065,NGP-1067,Low,2.0,Diego Villarroel,Story,Panda #9: 6/17 - 07/01,Team Panda,8.22040900462963,0,0.24329689664755433,1,-1,Low,19.0,6.0,0.4293983321571779,0.0,0
NGP-2067,NGP-1036,Low,1.0,Sachin Marne,Sub-task,Team Aether Sprint 10,Team Aether,0.0132272337962962,0,75.60159708373894,1,-1,Low,45.0,6.0,241.60257920914634,0.0,1
NGP-2070,NGP-1819,Medium,3.0,Anahi Callejas,Bug,Team Woof Sprint 11,Team Woof,12.198934745370371,0,0.24592311235524336,0,0,Low,42.0,11.0,1.2028426403615073,0.0,0
NGP-2073,NGP-1727,Low,1.0,Roman Normann,Sub-task,Team Woof Sprint 10,Team Woof,4.952524328703704,0,0.20191723121968885,1,-1,Low,63.0,8.0,0.873940093651362,0.0,0
NGP-2074,NGP-1642,Low,2.0,Jako Keskküla,Story,Panda #8: 6/03 - 06/17,Team Panda,10.952830590277776,0,0.18260119916172993,1,-1,Low,26.0,8.0,2.266058435894734,0.0,0
NGP-2075,NGP-1093,Low,1.0,Sachin Marne,Sub-task,Team Aether Sprint 9,Team Aether,2.0374568981481485,0,0.49080792870214995,1,-1,Low,37.0,5.0,3.1883835054095897,0.0,0
NGP-2076,NGP-1647,Low,3.0,Fidel Rojas,Story,Meow #12: 7/8 - 7/22,Team Meow,12.632973287037036,0,0.2374737864029495,1,-1,Low,14.0,3.0,26.117567045087643,0.3333333333333333,0
NGP-2077,NGP-1647,Low,5.0,Jaanis Eller,Story,Meow #13: 7/22 - 8/5,Team Meow,19.67260034722222,0,0.25416060468620266,1,-4,Medium,24.0,28.0,0.38053468723037315,0.0,0
NGP-2078,NGP-1093,Low,1.0,Brayan Huber Gonzales Velasquez,Sub-task,Team Aether Sprint 9,Team Aether,0.8729513888888889,0,1.1455391591424366,1,-1,Low,37.0,1.0,3.1883835054095897,0.0,0
NGP-2081,NGP-2074,Low,1.0,Heidi Raidma,Sub-task,Panda #8: 6/03 - 06/17,Team Panda,0.9876153819444444,0,1.0125399201774,1,-1,Low,26.0,2.0,2.266058435894734,0.0,0
NGP-2082,NGP-2064,Low,1.0,Heidi Raidma,Sub-task,Panda #8: 6/03 - 06/17,Team Panda,6.91654837962963,0,0.14458078583606299,1,-1,Low,26.0,2.0,2.266058435894734,0.0,0
NGP-2083,NGP-1647,Low,3.0,Jan Kübe,Story,Meow #12: 7/8 - 7/22,Team Meow,12.992754976851852,0,0.2308979123630715,1,-1,Low,14.0,3.0,26.117567045087643,0.3333333333333333,0
NGP-2084,NGP-1647,Low,5.0,Jaanis Eller,Story,Meow #13: 7/22 - 8/5,Team Buzz,50.819900821759255,0,0.09838665403020976,1,-4,Medium,18.0,28.0,0.13403245688699725,0.0,0
NGP-2085,NGP-926,Low,3.0,Freddy Aguilar,Task,Team Woof Sprint 10,Team Woof,1.9389026388888888,0,1.547266964224251,1,-1,Low,63.0,3.0,0.873940093651362,0.0,1
NGP-2086,NGP-2022,Low,1.0,Sachin Marne,Sub-task,Team Aether Sprint 10,Team Aether,0.0,0,0.0,1,-1,Low,45.0,6.0,241.60257920914634,0.0,1
NGP-2087,NGP-1647,Low,3.0,Mark Taylor,Story,Meow #13: 7/22 - 8/5,Team Buzz,28.92296726851852,0,0.10372379749796207,1,-4,Low,18.0,6.0,0.13403245688699725,0.0,0
NGP-2088,NGP-1819,Low,3.0,Rafael Rojas,Bug,Team Woof Sprint 10,Team Woof,4.377450335648148,0,0.6853304480850962,1,-1,Low,63.0,3.0,0.873940093651362,0.0,0
NGP-2089,NGP-1819,Medium,2.0,Rafael Rojas,Bug,Team Woof Sprint 11,Team Woof,11.788404953703704,0,0.16965823687382203,0,0,Low,42.0,7.0,1.2028426403615073,0.0,0
NGP-2092,NGP-1647,Low,3.0,Mark Taylor,Story,Meow #13: 7/22 - 8/5,Team Buzz,20.900509525462965,0,0.14353717053381487,1,-4,Low,18.0,6.0,0.13403245688699725,0.0,0
NGP-2094,NGP-1624,Low,2.0,Eduardo Morato Muñoz,Bug,Swifty Sprint 10,Team Howl,1.0871159027777777,0,1.8397302393329344,1,-1,Low,39.0,3.0,0.3635465512886034,0.0,1
NGP-2095,NGP-1709,Low,1.0,ricardo.pari,Sub-task,Swifty Sprint 9 (5/15-5/28),Team Howl,0.0553616782407407,0,18.063036233321757,0,0,Low,34.0,4.0,1.943464796455907,0.18181818181818182,1
NGP-2096,NGP-2022,Low,1.0,Sachin Marne,Sub-task,Team Aether Sprint 10,Team Aether,0.0,0,0.0,1,-1,Low,45.0,6.0,241.60257920914634,0.0,1
NGP-2098,NGP-1819,Medium,5.0,Mark Taylor,Story,Buzz #3: 9/5 - 9/19,Team Buzz,13.09674815972222,1,0.3817741579071525,1,-1,Medium,16.0,10.0,0.48118456738548565,0.3333333333333333,0
NGP-2100,NGP-1819,Medium,1.0,Mark Taylor,Story,Team Woof Sprint 10,Team Woof,5.967338657407407,0,0.16757889193345427,1,-1,Low,63.0,16.0,0.873940093651362,0.0,0
NGP-2101,NGP-1819,High,5.0,Mark Taylor,Story,Team Woof Sprint 11,Team Woof,8.79061056712963,0,0.5687887049275389,0,0,Medium,42.0,16.0,1.2028426403615073,0.0,0
NGP-2102,NGP-2093,Medium,2.0,Roman Normann,Story,Team Woof Sprint 11,Team Woof,9.886387557870371,0,0.20229836108415927,0,0,Low,42.0,2.0,1.2028426403615073,0.0,0
NGP-2105,NGP-1036,Low,1.0,Pablo Michael Tardio Ventura,Sub-task,Team Aether Sprint 10,Team Aether,0.9010798842592592,0,1.1097795184075816,1,-1,Low,45.0,2.0,241.60257920914634,0.0,0
NGP-2106,NGP-1093,Low,1.0,Sachin Marne,Sub-task,Team Aether Sprint 9,Team Aether,0.0459549305555555,0,21.76045068311195,1,-1,Low,37.0,5.0,3.1883835054095897,0.0,1
NGP-2108,NGP-1819,Medium,2.0,Mark Taylor,Story,Team Woof Sprint 10,Team Woof,4.869182743055556,0,0.4107465473240671,1,-1,Low,63.0,16.0,0.873940093651362,0.0,0
NGP-2109,NGP-1624,Low,2.0,Eduardo Morato Muñoz,Bug,Swifty Sprint 11,Team Howl,10.286740092592591,0,0.19442505419575884,1,-2,Low,15.0,4.0,0.2413047066889284,0.0,0
NGP-2110,NGP-2099,Low,1.0,Sachin Marne,Sub-task,Team Aether Sprint 10,Team Aether,0.0808247337962962,0,12.37245027642547,1,-1,Low,45.0,6.0,241.60257920914634,0.0,1
NGP-2113,NGP-926,Low,5.0,Roman Normann,Story,Team Woof Sprint 10,Team Woof,6.789388472222222,0,0.7364433513352138,1,-1,Medium,63.0,8.0,0.873940093651362,0.0,0
NGP-2116,NGP-911,Low,1.0,Unassigned,Sub-task,Team Aether Sprint 11,Team Aether,0.0,0,0.0,1,-1,Low,56.0,2.0,2.3452685402564035,0.0,1
NGP-2117,NGP-911,Low,1.0,Unassigned,Sub-task,Team Aether Sprint 11,Team Aether,0.0,0,0.0,1,-1,Low,56.0,2.0,2.3452685402564035,0.0,1
NGP-2118,NGP-1070,Low,3.0,Juan.hernandez,Story,Team Aether Sprint 11,Team Aether,12.31202523148148,0,0.24366421799795293,1,-1,Low,56.0,28.0,2.3452685402564035,0.0,0
NGP-2119,NGP-1070,High,5.0,Juan.hernandez,Story,Team Aether Sprint 11,Team Aether,11.219982662037037,0,0.44563348719936685,1,-1,Medium,56.0,28.0,2.3452685402564035,0.0,0
NGP-2123,NGP-1037,Low,1.0,Pablo Michael Tardio Ventura,Sub-task,Team Aether Sprint 10,Team Aether,0.0003338541666666,0,2995.31981279311,1,-1,Low,45.0,2.0,241.60257920914634,0.0,1
NGP-2124,NGP-1070,Low,8.0,Juan.hernandez,Story,Team Aether Sprint 12,Team Aether,7.07293863425926,0,1.131071597489949,0,0,High,91.0,67.0,317.95189352065967,0.4444444444444444,0
NGP-2125,NGP-2099,Low,1.0,Sachin Marne,Sub-task,Team Aether Sprint 10,Team Aether,0.002215636574074,0,451.33755765786566,1,-1,Low,45.0,6.0,241.60257920914634,0.0,1
NGP-2130,NGP-1070,High,5.0,Juan.hernandez,Story,Team Aether Sprint 11,Team Aether,11.968916157407408,0,0.41774876975018027,1,-1,Medium,56.0,28.0,2.3452685402564035,0.0,0
NGP-2134,NGP-1647,Low,3.0,Jaanis Eller,Story,Meow #13: 7/22 - 8/5,Team Meow,9.8401884375,0,0.3048722104311836,1,-4,Low,24.0,28.0,0.38053468723037315,0.0,0
NGP-2135,NGP-1624,Low,1.0,Eduardo Morato Muñoz,Bug,Swifty Sprint 10,Team Howl,0.981564525462963,0,1.018781724541585,1,-1,Low,39.0,3.0,0.3635465512886034,0.0,0
NGP-2136,NGP-2009,Low,1.0,Sachin Marne,Sub-task,Team Aether Sprint 11,Team Aether,0.0434732291666666,0,23.002662078913545,1,-1,Low,56.0,1.0,2.3452685402564035,0.0,1
NGP-2138,NGP-1067,Low,3.0,Jako Keskküla,Story,Panda #9: 6/17 - 07/01,Team Panda,2.0743403703703702,0,1.44624288417255,1,-1,Low,19.0,8.0,0.4293983321571779,0.0,1
NGP-2139,NGP-1067,Low,13.0,Mark Taylor,Story,Quack #2: 8/28 - 9/11,Team Quack,21.889540011574077,0,0.5938909631324487,1,-1,High,41.0,26.0,396.21364254055817,0.0,1
NGP-2140,NGP-1896,Low,1.0,Juan Carlos Condori,Sub-task,Swifty Sprint 12,Team Howl,12.1707659375,0,0.08216409757079021,1,-1,Low,36.0,2.0,0.22352105289769783,0.0,0
NGP-2141,NGP-1896,Low,1.0,Juan Carlos Condori,Sub-task,Swifty Sprint 12,Team Howl,14.145850474537037,0,0.070692108742421,1,-1,Low,36.0,2.0,0.22352105289769783,0.0,0
NGP-2144,NGP-1624,Low,2.0,Eduardo Morato Muñoz,Bug,Swifty Sprint 11,Team Howl,4.249286631944444,0,0.47066723740516747,1,-2,Low,15.0,4.0,0.2413047066889284,0.0,0
NGP-2147,NGP-926,Low,8.0,Anahi Callejas,Story,Team Woof Sprint 11,Team Woof,5.738090023148148,0,1.3941921384514768,0,0,High,42.0,11.0,1.2028426403615073,0.0,1
NGP-2148,NGP-1074,High,5.0,Mark Taylor,Story,Team Aether Sprint 15,Team Aether,46.07472158564815,1,0.10851937522195368,1,-2,Medium,94.0,13.0,391.54604098527733,0.75,0
NGP-2149,NGP-1070,Low,13.0,Juan.hernandez,Story,Team Aether Sprint 12,Team Aether,21.33808936342593,1,0.609239176881617,0,0,High,91.0,67.0,317.95189352065967,0.4444444444444444,1
NGP-2150,NGP-1070,Medium,5.0,Juan.hernandez,Story,Team Aether Sprint 11,Team Aether,5.240699583333334,0,0.9540710969011055,1,-1,Medium,56.0,28.0,2.3452685402564035,0.0,0
NGP-2151,NGP-1642,Low,2.0,Diego Penaranda,Story,Panda #9: 6/17 - 07/01,Team Panda,9.878117789351853,0,0.20246772134625748,1,-1,Low,19.0,2.0,0.4293983321571779,0.0,0
NGP-2152,NGP-1070,Low,3.0,Alejandra Zurita,Bug,Team Aether Sprint 11,Team Aether,5.009004930555555,0,0.5989213509652637,1,-1,Low,56.0,25.0,2.3452685402564035,0.3333333333333333,0
NGP-2153,NGP-1848,Low,1.0,rain.tougjas,Sub-task,Panda #10: 7/01 - 7/15,Team Panda,4.955764305555556,0,0.2017852218837306,1,-1,Low,17.0,4.0,0.21357704407253092,0.0,0
NGP-2155,NGP-1642,Low,2.0,Jako Keskküla,Story,Panda #9: 6/17 - 07/01,Team Panda,3.8575884375,0,0.5184586257460235,1,-1,Low,19.0,8.0,0.4293983321571779,0.0,0
NGP-2161,NGP-2155,Low,1.0,Heidi Raidma,Sub-task,Panda #9: 6/17 - 07/01,Team Panda,1.757866851851852,0,0.5688712992946733,1,-1,Low,19.0,1.0,0.4293983321571779,0.0,0
NGP-2169,NGP-1147,Low,5.0,Alex Borse,Story,Swifty Sprint 12,Team Howl,7.061282326388889,0,0.7080866858012997,1,-1,Medium,36.0,6.0,0.22352105289769783,0.0,0
NGP-2170,NGP-1147,Low,8.0,ricardo.pari,Story,Howl Sprint 4,Team Howl,91.70263173611112,1,0.08723849957786675,1,-1,High,23.0,10.0,0.18561075060525414,0.6666666666666666,0
NGP-2172,NGP-1147,Low,8.0,Juan.hernandez,Story,Swifty Sprint 13,Team Howl,25.236346689814813,0,0.3170030947161118,0,0,High,18.0,8.0,0.3626427481098157,0.0,0
NGP-2177,NGP-1647,Low,3.0,Indrek Ilves,Story,Meow #11: 6/20 - 7/8,Team Meow,2.9900876041666664,0,1.0033150854240929,1,-1,Low,14.0,3.0,1.1121720696325048,0.0,1
NGP-2179,NGP-2294,Low,3.0,Jan Kübe,Story,Meow #13: 7/22 - 8/5,Team Meow,6.956543194444445,0,0.43124866994225314,1,-4,Low,24.0,3.0,0.38053468723037315,0.0,0
NGP-2181,NGP-1647,Low,3.0,Indrek Ilves,Task,Meow #12: 7/8 - 7/22,Team Meow,0.0289522800925925,0,103.6187820235808,1,-1,Low,14.0,3.0,26.117567045087643,0.0,0
NGP-2183,NGP-2705,Medium,2.0,Rafael Rojas,Bug,Woof Sprint 4,Team Woof,2.9372099421296296,0,0.680918299816831,1,-1,Low,34.0,8.0,0.6902922303724841,0.0,0
NGP-2184,NGP-1449,High,8.0,Alejandra Zurita,Bug,Team Aether Sprint 11,Team Aether,22.90742114583333,1,0.3492318034871915,1,-1,High,56.0,25.0,2.3452685402564035,0.3333333333333333,0
NGP-2185,NGP-1070,Low,3.0,Alejandra Zurita,Bug,Team Aether Sprint 11,Team Aether,4.0338592129629625,0,0.7437046861624184,1,-1,Low,56.0,25.0,2.3452685402564035,0.3333333333333333,0
NGP-2186,NGP-899,Low,1.0,Diego Villarroel,Sub-task,Panda #9: 6/17 - 07/01,Team Panda,5.04971238425926,0,0.19803108056552995,1,-1,Low,19.0,6.0,0.4293983321571779,0.0,0
NGP-2191,NGP-1642,Low,2.0,rain.tougjas,Story,Panda #9: 6/17 - 07/01,Team Panda,8.232244143518518,0,0.24294711929488358,1,-1,Low,19.0,2.0,0.4293983321571779,0.0,0
NGP-2192,NGP-2065,Low,1.0,Jako Keskküla,Sub-task,Panda #9: 6/17 - 07/01,Team Panda,8.06510375,0,0.12399096539830624,1,-1,Low,19.0,8.0,0.4293983321571779,0.0,0
NGP-2193,NGP-1070,Medium,3.0,Alejandra Zurita,Bug,Team Aether Sprint 11,Team Aether,1.4169319791666666,0,2.11725054138758,1,-1,Low,56.0,25.0,2.3452685402564035,0.3333333333333333,0
NGP-2194,NGP-1070,High,8.0,Juan.hernandez,Story,Team Aether Sprint 12,Team Aether,18.28914398148148,1,0.43741795723738264,0,0,High,91.0,67.0,317.95189352065967,0.4444444444444444,0
NGP-2197,NGP-1147,Low,1.0,Alex Borse,Task,Swifty Sprint 12,Team Howl,10.955438310185183,0,0.09127886732476126,1,-1,Low,36.0,6.0,0.22352105289769783,0.0,0
NGP-2198,NGP-1147,Low,2.0,Juan Carlos Condori,Story,Howl Sprint 1,Team Howl,56.81134699074074,0,0.03520423482171555,1,-2,Low,34.0,2.0,0.22948146070474354,0.0,0
NGP-2214,NGP-1070,High,5.0,Alejandra Zurita,Bug,Team Aether Sprint 12,Team Aether,5.949116921296296,0,0.8404608727895894,0,0,Medium,91.0,18.0,317.95189352065967,0.0,0
NGP-2215,NGP-1070,Medium,3.0,Alejandra Zurita,Bug,Team Aether Sprint 12,Team Aether,2.191750532407408,0,1.3687689158240173,0,0,Low,91.0,18.0,317.95189352065967,0.0,1
NGP-2216,NGP-1070,Medium,8.0,Juan.hernandez,Story,Team Aether Sprint 12,Team Aether,11.092999525462965,1,0.7211755469417206,0,0,High,91.0,67.0,317.95189352065967,0.4444444444444444,0
NGP-2217,NGP-1070,Medium,1.0,Juan.hernandez,Story,Team Aether Sprint 12,Team Aether,4.847716111111112,0,0.20628270655287959,0,0,Low,91.0,67.0,317.95189352065967,0.4444444444444444,0
NGP-2223,NGP-1848,Low,1.0,Jako Keskküla,Sub-task,Panda #10: 7/01 - 7/15,Team Panda,2.243005856481481,0,0.44583031163755515,1,-1,Low,17.0,7.0,0.21357704407253092,0.0,0
NGP-2225,NGP-1147,Low,2.0,Eduardo Morato Muñoz,Bug,Howl Sprint 1,Team Howl,27.424905810185187,1,0.07292641272289187,1,-2,Low,34.0,7.0,0.22948146070474354,0.3333333333333333,0
NGP-2226,NGP-1838,Low,1.0,Diego Villarroel,Sub-task,Quack #2: 8/28 - 9/11,Team Quack,5.739908726851852,0,0.17421879817041386,1,-1,Low,41.0,6.0,396.21364254055817,0.06666666666666667,0
NGP-2227,NGP-1838,Low,1.0,ariel.arias,Sub-task,Quack #2: 8/28 - 9/11,Team Quack,5.9817585532407405,0,0.16717491872991588,1,-1,Low,41.0,6.0,396.21364254055817,0.06666666666666667,0
NGP-2228,NGP-1838,Low,1.0,Diego Villarroel,Sub-task,Quack #2: 8/28 - 9/11,Team Quack,17.111191006944445,0,0.058441285565344794,1,-1,Low,41.0,6.0,396.21364254055817,0.06666666666666667,0
NGP-2229,NGP-1610,Medium,5.0,Freddy Aguilar,Story,Team Woof Sprint 14,Team Woof,0.8558039814814815,0,5.842459381112605,0,0,Medium,49.0,10.0,1.1558491510744477,0.0,0
NGP-2230,NGP-1610,Medium,3.0,Freddy Aguilar,Story,Team Woof Sprint 12,Team Woof,6.930522673611111,0,0.43286778519936164,0,0,Low,11.0,3.0,1.2456131448554266,0.0,0
NGP-2231,NGP-1610,Medium,3.0,Rafael Rojas,Story,Team Woof Sprint 12,Team Woof,1.1061352314814814,0,2.7121457798446635,0,0,Low,11.0,5.0,1.2456131448554266,0.0,0
NGP-2232,NGP-1610,Medium,3.0,Anahi Callejas,Story,Team Woof Sprint 12,Team Woof,2.235072349537037,0,1.342238429383016,0,0,Low,11.0,3.0,1.2456131448554266,0.0,1
NGP-2233,NGP-1610,Medium,8.0,Freddy Aguilar,Story,Team Woof Sprint 13,Team Woof,10.019902199074076,0,0.7984109865602548,1,-1,High,22.0,12.0,1.2863343291782747,0.0,0
NGP-2235,NGP-1147,Low,1.0,Eduardo Morato Muñoz,Bug,Howl Sprint 4,Team Howl,48.67043828703704,1,0.02054635288267666,1,-1,Low,23.0,4.0,0.18561075060525414,0.5,0
NGP-2237,NGP-1147,Low,3.0,Eduardo Morato Muñoz,Bug,Swifty Sprint 12,Team Howl,7.087795104166666,0,0.4232627997720201,1,-1,Low,36.0,3.0,0.22352105289769783,0.0,0
NGP-2240,NGP-1610,Medium,8.0,Anahi Callejas,Story,Team Woof Sprint 13,Team Woof,10.06884769675926,0,0.7945298450164128,1,-1,High,22.0,9.0,1.2863343291782747,0.0,0
NGP-2241,NGP-1610,Low,5.0,Karolin Laas,Story,Team Woof Sprint 14,Team Woof,10.563490208333333,0,0.47332840769385076,0,0,Medium,49.0,18.0,1.1558491510744477,0.0,0
NGP-2242,NGP-1610,Low,5.0,Karolin Laas,Story,Team Woof Sprint 14,Team Woof,11.041052974537036,0,0.4528553582281545,0,0,Medium,49.0,18.0,1.1558491510744477,0.0,0
NGP-2244,NGP-2215,Low,1.0,Sachin Marne,Sub-task,Team Aether Sprint 12,Team Aether,0.0,0,0.0,0,0,Low,91.0,6.0,317.95189352065967,0.0,1
NGP-2246,NGP-1610,Medium,2.0,Rafael Rojas,Story,Team Woof Sprint 12,Team Woof,4.03876744212963,0,0.4952005849946651,0,0,Low,11.0,5.0,1.2456131448554266,0.0,0
NGP-2255,NGP-1070,Low,3.0,Alejandra Zurita,Bug,Team Aether Sprint 12,Team Aether,3.315399803240741,0,0.9048682445681382,0,0,Low,91.0,18.0,317.95189352065967,0.0,0
NGP-2256,NGP-2150,Low,1.0,Alejandra Zurita,Sub-task,Team Aether Sprint 11,Team Aether,0.2093275578703703,0,4.77720186569638,1,-1,Low,56.0,25.0,2.3452685402564035,0.0,1
NGP-2257,NGP-1070,Low,3.0,Alejandra Zurita,Bug,Team Aether Sprint 12,Team Aether,1.3523930208333332,0,2.2182900634546496,0,0,Low,91.0,18.0,317.95189352065967,0.0,0
NGP-2260,NGP-2250,Low,3.0,Mark Taylor,Story,Woof Sprint 2,Team Woof,65.05033900462963,1,0.046118130142050295,1,-1,Low,44.0,13.0,1.430244336993227,0.14285714285714285,0
NGP-2265,NGP-1074,Low,13.0,Juan.hernandez,Story,Team Aether Sprint 15,Team Aether,20.978911747685185,0,0.6196698930979783,1,-2,High,94.0,41.0,391.54604098527733,0.75,1
NGP-2271,NGP-1839,Low,1.0,Unassigned,Sub-task,Panda #10: 7/01 - 7/15,Team Panda,0.0,0,0.0,1,-1,Low,17.0,1.0,0.21357704407253092,0.0,1
NGP-2272,NGP-1839,Low,1.0,Jako Keskküla,Sub-task,Panda #10: 7/01 - 7/15,Team Panda,0.0,0,0.0,1,-1,Low,17.0,7.0,0.21357704407253092,0.0,1
NGP-2274,NGP-902,Low,1.0,Diego Penaranda,Sub-task,Panda #11: 7/15 - 7/29,Team Panda,12.966025694444443,0,0.0771246350705961,1,-1,Low,24.0,6.0,1.108332457538981,0.0,0
NGP-2275,NGP-1819,Medium,3.0,Alejandra Zurita,Bug,Woof Sprint 3,Team Woof,6.091440960648147,0,0.4924943078953836,1,-1,Low,40.0,3.0,0.8929488074617229,0.0,0
NGP-2276,NGP-1647,Low,5.0,Jaanis Eller,Story,Meow #13: 7/22 - 8/5,Team Meow,9.650792395833331,0,0.5180921726343133,1,-4,Medium,24.0,28.0,0.38053468723037315,0.0,0
NGP-2277,NGP-1647,Low,3.0,Fidel Rojas,Story,Meow #11: 6/20 - 7/8,Team Meow,2.4387972453703703,0,1.23011455982861,1,-1,Low,14.0,8.0,1.1121720696325048,0.0,1
NGP-2280,NGP-1624,Low,5.0,Eduardo Morato Muñoz,Bug,Swifty Sprint 13,Team Howl,12.6385,0,0.3956165684218855,0,0,Medium,18.0,5.0,0.3626427481098157,0.0,0
NGP-2281,NGP-1070,Low,3.0,Alejandra Zurita,Bug,Team Aether Sprint 12,Team Aether,1.009280601851852,0,2.9724142072041495,0,0,Low,91.0,18.0,317.95189352065967,0.0,0
NGP-2284,NGP-1819,Medium,5.0,Anahi Callejas,Story,Woof Sprint 3,Team Woof,7.273029479166666,0,0.6874714332345719,1,-1,Medium,40.0,14.0,0.8929488074617229,0.16666666666666666,0
NGP-2285,NGP-1819,Medium,3.0,Anahi Callejas,Story,Woof Sprint 3,Team Woof,5.659138935185185,0,0.5301159830778798,1,-1,Low,40.0,14.0,0.8929488074617229,0.16666666666666666,0
NGP-2287,NGP-1147,Low,5.0,Eduardo Morato Muñoz,Bug,Howl Sprint 1,Team Howl,29.051520659722215,0,0.17210803037006356,1,-2,Medium,34.0,7.0,0.22948146070474354,0.3333333333333333,0
NGP-2293,NGP-1647,Low,5.0,Fidel Rojas,Story,Meow #13: 7/22 - 8/5,Team Buzz,28.84389287037037,0,0.17334692035055382,1,-4,Medium,18.0,5.0,0.13403245688699725,0.0,0
NGP-2295,NGP-2194,Low,1.0,Sachin Marne,Sub-task,Team Aether Sprint 12,Team Aether,0.0052382754629629,0,190.90252260891504,0,0,Low,91.0,6.0,317.95189352065967,0.0,1
NGP-2297,NGP-2296,Low,8.0,Nikayla Bryant,Story,Roar Sprint 1,Team Roar,24.97576083333333,0,0.3203105624443273,0,0,High,36.0,16.0,0.41108855229402935,0.0,0
NGP-2298,NGP-2296,Low,8.0,Nikayla Bryant,Story,Roar Sprint 1,Team Roar,25.009118865740746,0,0.31988332107769557,0,0,High,36.0,16.0,0.41108855229402935,0.0,0
NGP-2300,NGP-2296,Low,3.0,Diego Villarroel,Story,Panda #11: 7/15 - 7/29,Team Roar,10.044538032407408,0,0.29866978355011314,1,-1,Low,3.0,3.0,0.29866978355011314,0.0,0
NGP-2302,NGP-1070,Low,1.0,Alejandra Zurita,Bug,Team Aether Sprint 12,Team Aether,0.5580846296296297,0,1.7918429336848882,0,0,Low,91.0,18.0,317.95189352065967,0.0,0
NGP-2306,NGP-1449,High,3.0,Alejandra Zurita,Bug,Team Aether Sprint 13,Team Aether,2.1912610648148148,0,1.3690746612401168,0,0,Low,29.0,13.0,3.4714770797185843,0.25,1
NGP-2308,NGP-2233,Low,1.0,Anahi Callejas,Sub-task,Team Woof Sprint 13,Team Woof,0.2910445833333333,0,3.4358997118139123,1,-1,Low,22.0,9.0,1.2863343291782747,0.0,1
NGP-2309,NGP-2233,Low,1.0,Rafael Rojas,Sub-task,Team Woof Sprint 13,Team Woof,3.728364618055555,0,0.26821411059348793,1,-1,Low,22.0,1.0,1.2863343291782747,0.0,0
NGP-2310,NGP-2233,Low,1.0,Freddy Aguilar,Sub-task,Team Woof Sprint 13,Team Woof,1.0069823842592591,0,0.9930660313741284,1,-1,Low,22.0,12.0,1.2863343291782747,0.0,0
NGP-2311,NGP-1624,High,5.0,Nikayla Bryant,Story,Swifty Sprint 13,Team Howl,13.322370578703705,0,0.3753085811914497,0,0,Medium,18.0,5.0,0.3626427481098157,0.0,0
NGP-2316,NGP-1067,Low,5.0,Heidi Raidma,Task,Panda #11: 7/15 - 7/29,Team Panda,8.000898506944445,0,0.6249298120280128,1,-1,Medium,24.0,7.0,1.108332457538981,0.0,0
NGP-2317,NGP-1449,High,5.0,Juan.hernandez,Story,Team Aether Sprint 15,Team Aether,39.02985695601852,1,0.12810705418762713,1,-2,Medium,94.0,41.0,391.54604098527733,0.75,0
NGP-2318,NGP-1449,High,5.0,Juan.hernandez,Story,Team Aether Sprint 13,Team Aether,19.308623310185187,0,0.25895165697093114,0,0,Medium,29.0,13.0,3.4714770797185843,0.3333333333333333,0
NGP-2319,NGP-908,Low,1.0,Sachin Marne,Sub-task,Team Aether Sprint 12,Team Aether,0.0033362384259259,0,299.7387693364487,0,0,Low,91.0,6.0,317.95189352065967,0.0,1
NGP-2320,NGP-1449,Low,3.0,Tanel Talvik,Bug,Team Aether Sprint 13,Team Aether,11.034358043981484,1,0.2718780728378034,0,0,Low,29.0,3.0,3.4714770797185843,0.25,0
NGP-2323,NGP-1647,Low,5.0,Jaanis Eller,Story,Meow #13: 7/22 - 8/5,Team Meow,7.019544837962963,0,0.7122968960835038,1,-4,Medium,24.0,28.0,0.38053468723037315,0.0,0
NGP-2326,NGP-1074,High,5.0,Alejandra Zurita,Bug,Team Aether Sprint 15,Team Aether,5.788779467592592,0,0.8637399348155466,1,-2,Medium,94.0,14.0,391.54604098527733,0.0,0
NGP-2329,NGP-1092,Low,1.0,Sachin Marne,Sub-task,Team Aether Sprint 12,Team Aether,0.0004420601851851,0,2262.135413939798,0,0,Low,91.0,6.0,317.95189352065967,0.0,1
NGP-2335,NGP-1449,Medium,2.0,Alejandra Zurita,Bug,Team Aether Sprint 13,Team Aether,0.8914672800925926,0,2.2434923240169504,0,0,Low,29.0,13.0,3.4714770797185843,0.25,1
NGP-2336,NGP-1043,Low,1.0,Sachin Marne,Sub-task,Team Aether Sprint 12,Team Aether,0.0002617476851851,0,3820.4731372994966,0,0,Low,91.0,6.0,317.95189352065967,0.0,1
NGP-2337,NGP-1449,Low,8.0,Alejandra Zurita,Bug,Team Aether Sprint 13,Team Aether,0.4239928240740741,0,18.86824386113278,0,0,High,29.0,13.0,3.4714770797185843,0.25,0
NGP-2338,NGP-2705,Medium,5.0,Alejandra Zurita,Bug,Aether Sprint 3,Team Aether,5.912695578703704,0,0.8456379892123919,1,-2,Medium,33.0,22.0,0.5863813208236397,0.0,0
NGP-2344,NGP-960,Medium,3.0,Mark Taylor,Story,Buzz #2: 8/22 - 9/5,Team Buzz,23.151143877314816,0,0.1295832299215081,1,-1,Low,20.0,8.0,0.681815210141705,0.0,0
NGP-2346,NGP-1610,Medium,8.0,Karolin Laas,Story,Team Woof Sprint 14,Team Woof,10.900260231481482,0,0.7339274320162446,0,0,High,49.0,18.0,1.1558491510744477,0.0,0
NGP-2347,NGP-1610,Low,3.0,Freddy Aguilar,Story,Team Woof Sprint 13,Team Woof,2.1010091087962963,0,1.4278852897114525,1,-1,Low,22.0,12.0,1.2863343291782747,0.0,1
NGP-2360,NGP-1147,High,8.0,Nikayla Bryant,Story,Howl Sprint 1,Team Howl,22.25161335648148,0,0.3595244925316729,1,-2,High,34.0,15.0,0.22948146070474354,0.0,0
NGP-2363,NGP-897,Low,1.0,Unassigned,Sub-task,Panda #12: 7/29 - 8/5,Team Quack,11.408373148148147,0,0.08765491687676118,1,-10,Low,13.0,1.0,0.15777743098281705,0.0,0
NGP-2364,NGP-2084,Low,1.0,Jaanis Eller,Sub-task,Meow #13: 7/22 - 8/5,Team Buzz,9.172250104166666,0,0.1090245020189464,1,-4,Low,18.0,28.0,0.13403245688699725,0.0,0
NGP-2365,NGP-2084,Low,1.0,Jaanis Eller,Sub-task,Meow #13: 7/22 - 8/5,Team Buzz,5.676151805555556,0,0.17617569689049647,1,-4,Low,18.0,28.0,0.13403245688699725,0.0,0
NGP-2366,NGP-2294,Low,3.0,Unassigned,Story,Buzz #1: 8/8 - 8/22,Team Buzz,19.233318229166667,1,0.155979325265393,1,-1,Low,12.0,6.0,0.9648788301016622,1.0,0
NGP-2367,NGP-1092,Low,1.0,Sachin Marne,Sub-task,Team Aether Sprint 12,Team Aether,0.0113398726851851,0,88.18441156808076,0,0,Low,91.0,6.0,317.95189352065967,0.0,1
NGP-2368,NGP-1449,Medium,2.0,Juan.hernandez,Story,Team Aether Sprint 14,Team Aether,4.965527662037037,0,0.4027769325082218,0,0,Low,17.0,12.0,2.219019161194006,0.0,0
NGP-2369,NGP-1840,Low,1.0,Heidi Raidma,Sub-task,Panda #11: 7/15 - 7/29,Team Panda,1.2392201851851852,0,0.80695909569175,1,-1,Low,24.0,7.0,1.108332457538981,0.0,0
NGP-2371,NGP-1147,Low,2.0,Nikayla Bryant,Task,Howl Sprint 2,Team Howl,7.927594097222222,0,0.2522833504683075,1,-1,Low,11.0,2.0,0.2370343001713489,0.0,0
NGP-2373,NGP-1074,High,8.0,Mark Taylor,Story,Team Aether Sprint 15,Team Aether,37.50691586805556,1,0.21329399698292864,1,-2,High,94.0,13.0,391.54604098527733,0.75,0
NGP-2375,NGP-1074,Low,5.0,Juan.hernandez,Story,Team Aether Sprint 15,Team Aether,11.134885532407408,1,0.44903919177685336,1,-2,Medium,94.0,41.0,391.54604098527733,0.75,0
NGP-2379,NGP-1074,High,5.0,Juan.hernandez,Story,Team Aether Sprint 15,Team Aether,11.864852222222222,1,0.42141274972100135,1,-2,Medium,94.0,41.0,391.54604098527733,0.75,0
NGP-2380,NGP-1074,High,8.0,Luhana González,Task,Team Aether Sprint 15,Team Aether,7.378213078703704,0,1.0842733754994156,1,-2,High,94.0,11.0,391.54604098527733,0.0,0
NGP-2385,NGP-1610,Medium,8.0,Mark Taylor,Story,Team Woof Sprint 14,Team Woof,21.25913037037037,0,0.3763089016637243,0,0,High,49.0,16.0,1.1558491510744477,0.0,0
NGP-2386,NGP-1610,Medium,8.0,Mark Taylor,Story,Team Woof Sprint 14,Team Woof,23.946524884259254,0,0.3340777018238096,0,0,High,49.0,16.0,1.1558491510744477,0.0,0
NGP-2388,NGP-1112,Low,1.0,Sachin Marne,Sub-task,Team Aether Sprint 15,Team Aether,0.0035160532407407,0,284.4098002877049,1,-2,Low,94.0,7.0,391.54604098527733,0.0,1
NGP-2389,NGP-1449,Low,5.0,Alejandra Zurita,Bug,Team Aether Sprint 14,Team Aether,1.1300034143518518,0,4.424765391410701,0,0,Medium,17.0,5.0,2.219019161194006,0.0,0
NGP-2391,NGP-1147,Low,2.0,Nikayla Bryant,Task,Howl Sprint 1,Team Howl,3.1203341087962966,0,0.6409570034061263,1,-2,Low,34.0,15.0,0.22948146070474354,0.0,0
NGP-2392,NGP-1762,Low,1.0,Luhana González,Sub-task,Team Aether Sprint 15,Team Aether,19.706626921296294,0,0.05074435132880774,1,-2,Low,94.0,11.0,391.54604098527733,0.0,0
NGP-2393,NGP-902,Low,1.0,Heidi Raidma,Sub-task,Panda #11: 7/15 - 7/29,Team Panda,0.1620078472222222,0,6.172540510511966,1,-1,Low,24.0,7.0,1.108332457538981,0.0,1
NGP-2397,NGP-1074,High,5.0,Juan.hernandez,Story,Team Aether Sprint 14,Team Aether,1.8337837962962964,0,2.7266027816902563,0,0,Medium,17.0,12.0,2.219019161194006,0.0,0
NGP-2398,NGP-1074,High,5.0,Juan.hernandez,Story,Team Aether Sprint 15,Team Aether,9.83476681712963,0,0.5084004626618385,1,-2,Medium,94.0,41.0,391.54604098527733,0.75,0
NGP-2399,NGP-897,Low,1.0,Heidi Raidma,Sub-task,Panda #12: 7/29 - 8/5,Team Quack,4.9644650694444445,0,0.20143157138013792,1,-10,Low,13.0,1.0,0.15777743098281705,0.0,0
NGP-2402,NGP-897,Low,1.0,Diego Villarroel,Sub-task,Panda #12: 7/29 - 8/5,Team Quack,4.658139872685185,0,0.2146779674573297,1,-10,Low,13.0,2.0,0.15777743098281705,0.0,0
NGP-2403,NGP-897,Low,1.0,Diego Penaranda,Sub-task,Panda #12: 7/29 - 8/5,Team Quack,13.999895451388888,0,0.07142910484383604,1,-10,Low,13.0,9.0,0.15777743098281705,0.0,0
NGP-2404,NGP-1147,Low,2.0,Eduardo Morato Muñoz,Bug,Howl Sprint 3,Team Howl,8.332991886574073,0,0.24000983406960405,1,-1,Low,15.0,4.0,490.13875070107406,0.0,0
NGP-2405,NGP-1147,Low,5.0,Eduardo Morato Muñoz,Bug,Howl Sprint 2,Team Howl,12.326431921296296,0,0.40563238672186497,1,-1,Medium,11.0,9.0,0.2370343001713489,0.3333333333333333,0
NGP-2406,NGP-1147,Low,3.0,Eduardo Morato Muñoz,Bug,Howl Sprint 4,Team Howl,9.30164082175926,0,0.3225237415082855,1,-1,Low,23.0,4.0,0.18561075060525414,0.5,0
NGP-2408,NGP-2093,Medium,5.0,Alejandra Zurita,Bug,Team Woof Sprint 14,Team Woof,8.735517974537037,0,0.5723759042765851,0,0,Medium,49.0,5.0,1.1558491510744477,0.0,0
NGP-2409,NGP-1449,Low,5.0,Pablo Michael Tardio Ventura,Task,Team Aether Sprint 15,Team Aether,7.8613819791666675,0,0.6360204876509533,1,-2,Medium,94.0,8.0,391.54604098527733,0.0,0
NGP-2411,NGP-1762,Low,1.0,Sachin Marne,Sub-task,Team Aether Sprint 15,Team Aether,0.0113226736111111,0,88.31836316633607,1,-2,Low,94.0,7.0,391.54604098527733,0.0,1
NGP-2413,NGP-1610,Medium,5.0,Freddy Aguilar,Story,Team Woof Sprint 14,Team Woof,10.835172453703704,0,0.46146012178060797,0,0,Medium,49.0,10.0,1.1558491510744477,0.0,0
NGP-2414,NGP-1147,Low,3.0,Juan.hernandez,Task,Howl Sprint 1,Team Howl,17.753083680555555,0,0.16898472704693068,1,-2,Low,34.0,6.0,0.22948146070474354,0.0,0
NGP-2415,NGP-1762,Low,1.0,Sachin Marne,Sub-task,Team Aether Sprint 15,Team Aether,0.0,0,0.0,1,-2,Low,94.0,7.0,391.54604098527733,0.0,1
NGP-2416,NGP-1147,Low,3.0,Nikayla Bryant,Task,Howl Sprint 1,Team Howl,26.063277997685187,0,0.1151044776588135,1,-2,Low,34.0,15.0,0.22948146070474354,0.0,0
NGP-2417,NGP-2093,Medium,3.0,Rafael Rojas,Bug,Woof Sprint 2,Team Woof,0.7088126967592593,0,4.2324298276769134,1,-1,Low,44.0,11.0,1.430244336993227,0.0,0
NGP-2418,NGP-1762,Low,1.0,Sachin Marne,Sub-task,Team Aether Sprint 15,Team Aether,0.0001002777777777,0,9972.299168982805,1,-2,Low,94.0,7.0,391.54604098527733,0.0,1
NGP-2421,NGP-1819,Medium,2.0,Freddy Aguilar,Bug,Team Woof Sprint 1,Team Woof,2.244763969907407,0,0.8909622690008236,1,-2,Low,16.0,2.0,0.6272032271019745,0.0,0
NGP-2423,NGP-2705,Low,5.0,Rafael Rojas,Bug,Woof Sprint 3,Team Woof,1.1081567476851852,0,4.511997071212567,1,-1,Medium,40.0,13.0,0.8929488074617229,0.0,0
NGP-2430,NGP-897,Low,1.0,Diego Villarroel,Sub-task,Panda #12: 7/29 - 8/5,Team Quack,5.267485081018519,0,0.1898439169013537,1,-10,Low,13.0,2.0,0.15777743098281705,0.0,0
NGP-2431,NGP-2361,Medium,3.0,Rafael Rojas,Story,Team Woof Sprint 1,Team Woof,6.212195185185185,0,0.4829210787121413,1,-2,Low,16.0,6.0,0.6272032271019745,0.0,0
NGP-2432,NGP-2361,Medium,3.0,Rafael Rojas,Story,Team Woof Sprint 1,Team Woof,5.371150451388889,0,0.5585395581731006,1,-2,Low,16.0,6.0,0.6272032271019745,0.0,0
NGP-2433,NGP-2361,Medium,3.0,Anahi Callejas,Story,Team Woof Sprint 1,Team Woof,3.9598539814814817,0,0.7576036929719373,1,-2,Low,16.0,8.0,0.6272032271019745,0.0,0
NGP-2434,NGP-2296,Low,3.0,jossy.gutierrez,Story,Roar Sprint 1,Team Roar,6.214075115740741,0,0.4827749816542713,0,0,Low,36.0,3.0,0.41108855229402935,0.0,0
NGP-2435,NGP-2296,Low,3.0,mauricio.gamarra,Story,Roar Sprint 1,Team Roar,6.918446284722222,0,0.43362337099079623,0,0,Low,36.0,3.0,0.41108855229402935,0.0,0
NGP-2436,NGP-2296,Low,3.0,bryan.fernandez,Story,Roar Sprint 1,Team Roar,6.280846180555556,0,0.477642647783271,0,0,Low,36.0,3.0,0.41108855229402935,0.0,0
NGP-2437,NGP-2296,Low,3.0,Jorge Luis Cameo,Story,Roar Sprint 1,Team Roar,6.284359363425926,0,0.4773756283670809,0,0,Low,36.0,3.0,0.41108855229402935,0.0,0
NGP-2438,NGP-1610,Medium,5.0,Anahi Callejas,Story,Team Woof Sprint 1,Team Woof,11.211025347222222,0,0.44598953665186924,1,-2,Medium,16.0,8.0,0.6272032271019745,0.0,0
NGP-2439,NGP-2265,Low,1.0,Sachin Marne,Sub-task,Team Aether Sprint 15,Team Aether,0.2942134722222222,0,3.398892621901048,1,-2,Low,94.0,7.0,391.54604098527733,0.0,1
NGP-2440,NGP-1147,Low,3.0,Eduardo Morato Muñoz,Bug,Howl Sprint 2,Team Howl,11.99034974537037,0,0.2502012087811149,1,-1,Low,11.0,9.0,0.2370343001713489,0.3333333333333333,0
NGP-2441,NGP-2317,Low,1.0,Sachin Marne,Sub-task,Team Aether Sprint 15,Team Aether,0.0061428703703703,0,162.79034713534395,1,-2,Low,94.0,7.0,391.54604098527733,0.0,1
NGP-2449,NGP-2250,Medium,5.0,Mark Taylor,Story,Woof Sprint 2,Team Woof,7.6745769444444445,0,0.6515017096309724,1,-1,Medium,44.0,13.0,1.430244336993227,0.14285714285714285,0
NGP-2450,NGP-2250,Medium,5.0,Mark Taylor,Story,Woof Sprint 2,Team Woof,11.728647280092591,0,0.4263066217778294,1,-1,Medium,44.0,13.0,1.430244336993227,0.14285714285714285,0
NGP-2451,NGP-2250,Medium,3.0,Unassigned,Story,Woof Sprint 2,Team Woof,1.204848900462963,0,2.489938778918461,1,-1,Low,44.0,11.0,1.430244336993227,0.14285714285714285,0
NGP-2457,NGP-2294,Low,5.0,Mark Taylor,Story,Buzz #1: 8/8 - 8/22,Team Buzz,19.23379767361111,1,0.25995906189967,1,-1,Medium,12.0,5.0,0.9648788301016622,1.0,0
NGP-2470,NGP-2265,Low,1.0,Pablo Michael Tardio Ventura,Sub-task,Team Aether Sprint 15,Team Aether,0.1267619907407407,0,7.888800058727735,1,-2,Low,94.0,8.0,391.54604098527733,0.0,1
NGP-2471,NGP-2265,Low,1.0,Pablo Michael Tardio Ventura,Sub-task,Team Aether Sprint 15,Team Aether,0.8551424305555555,0,1.1693958389485313,1,-2,Low,94.0,8.0,391.54604098527733,0.0,0
NGP-2472,NGP-2265,Low,1.0,Pablo Michael Tardio Ventura,Sub-task,Team Aether Sprint 15,Team Aether,0.0253977777777777,0,39.37352349286914,1,-2,Low,94.0,8.0,391.54604098527733,0.0,1
NGP-2473,NGP-1449,Low,3.0,Alejandra Zurita,Bug,Team Aether Sprint 15,Team Aether,2.966891261574074,0,1.011159404072113,1,-2,Low,94.0,14.0,391.54604098527733,0.0,1
NGP-2474,NGP-1147,Low,2.0,Unassigned,Bug,Howl Sprint 1,Team Howl,9.299348680555555,0,0.2150688256460255,1,-2,Low,34.0,2.0,0.22948146070474354,0.3333333333333333,0
NGP-2475,NGP-2294,Medium,3.0,Unassigned,Story,Buzz #1: 8/8 - 8/22,Team Buzz,13.94600982638889,1,0.2151152937181606,1,-1,Low,12.0,6.0,0.9648788301016622,1.0,0
NGP-2476,NGP-960,Medium,2.0,Fidel Rojas,Task,Buzz #2: 8/22 - 9/5,Team Buzz,3.0885391319444446,0,0.6475553375102826,1,-1,Low,20.0,2.0,0.681815210141705,0.0,0
NGP-2481,NGP-2296,Low,8.0,Vany Loredo,Task,Roar Sprint 1,Team Roar,21.85736489583333,0,0.3660093537407631,0,0,High,36.0,8.0,0.41108855229402935,0.0,0
NGP-2483,NGP-1147,Low,2.0,ricardo.pari,Task,Howl Sprint 1,Team Howl,5.000607951388889,0,0.3999513698018482,1,-2,Low,34.0,2.0,0.22948146070474354,0.0,0
NGP-2488,NGP-2373,Low,1.0,Luhana González,Sub-task,Team Aether Sprint 15,Team Aether,12.302903287037038,0,0.0812816273256127,1,-2,Low,94.0,11.0,391.54604098527733,0.0,0
NGP-2490,NGP-1838,Low,1.0,ariel.arias,Sub-task,Quack #2: 8/28 - 9/11,Team Quack,3.1963988541666666,0,0.31285207060328213,1,-1,Low,41.0,6.0,396.21364254055817,0.06666666666666667,0
NGP-2492,NGP-1074,High,3.0,Alejandra Zurita,Bug,Team Aether Sprint 15,Team Aether,1.0755953819444446,0,2.789152919731439,1,-2,Low,94.0,14.0,391.54604098527733,0.0,0
NGP-2493,NGP-1074,High,3.0,Alejandra Zurita,Bug,Team Aether Sprint 15,Team Aether,1.0675518055555555,0,2.8101680727698226,1,-2,Low,94.0,14.0,391.54604098527733,0.0,0
NGP-2494,NGP-1074,Low,3.0,Alejandra Zurita,Story,Aether Sprint 2,Team Aether,9.250479733796295,0,0.32430750472752323,1,-1,Low,24.0,14.0,2.3591528575167517,0.0,0
NGP-2496,NGP-2250,Medium,8.0,Rafael Rojas,Story,Woof Sprint 2,Team Woof,5.358189340277778,0,1.4930416773187911,1,-1,High,44.0,11.0,1.430244336993227,0.14285714285714285,1
NGP-2501,NGP-2373,Low,1.0,Sachin Marne,Sub-task,Team Aether Sprint 15,Team Aether,0.0,0,0.0,1,-2,Low,94.0,7.0,391.54604098527733,0.0,1
NGP-2506,NGP-2250,Medium,8.0,Anahi Callejas,Story,Woof Sprint 2,Team Woof,7.115307615740741,0,1.1243364914121368,1,-1,High,44.0,8.0,1.430244336993227,0.14285714285714285,0
NGP-2508,NGP-2250,Medium,5.0,Unassigned,Story,Woof Sprint 3,Team Woof,14.17622269675926,1,0.3527032628475158,1,-1,Medium,40.0,5.0,0.8929488074617229,0.16666666666666666,0
NGP-2509,NGP-1838,Low,1.0,ariel.arias,Sub-task,Quack #2: 8/28 - 9/11,Team Quack,13.045678472222225,0,0.07665373649437017,1,-1,Low,41.0,6.0,396.21364254055817,0.06666666666666667,0
NGP-2510,NGP-1074,Low,3.0,Alejandra Zurita,Bug,Aether Sprint 2,Team Aether,1.2593001736111111,0,2.382275539117364,1,-1,Low,24.0,14.0,2.3591528575167517,0.0,0
NGP-2512,NGP-1402,Medium,8.0,Nikayla Bryant,Story,Roar Sprint 4,Team Roar,43.0780047337963,0,0.18570962256577547,1,-1,High,48.0,16.0,0.44340928576295885,0.0,0
NGP-2515,NGP-1147,Medium,2.0,Nikayla Bryant,Task,Howl Sprint 1,Team Howl,7.092429513888889,0,0.28199081796773035,1,-2,Low,34.0,15.0,0.22948146070474354,0.0,0
NGP-2530,NGP-1402,Medium,5.0,Jorge Luis Cameo,Story,Roar Sprint 2,Team Roar,,0,0.0,1,-1,Medium,7.0,6.0,0.20295089552407772,0.0,0
NGP-2531,NGP-1402,Medium,5.0,Jorge Luis Cameo,Story,Roar Sprint 4,Team Roar,5.644997650462964,0,0.8857399612185727,1,-1,Medium,48.0,8.0,0.44340928576295885,0.0,0
NGP-2533,NGP-1402,Medium,5.0,Vany Loredo,Story,Roar Sprint 3,Team Roar,6.205529212962963,0,0.8057330532834028,1,-1,Medium,6.0,6.0,0.6180116410751467,0.0,0
NGP-2563,NGP-2250,Low,8.0,Unassigned,Story,Woof Sprint 2,Team Woof,6.989562719907408,0,1.1445637331810048,1,-1,High,44.0,11.0,1.430244336993227,0.14285714285714285,1
NGP-2564,NGP-1074,Low,3.0,Alejandra Zurita,Bug,Aether Sprint 2,Team Aether,0.2864319560185185,0,10.473691698722481,1,-1,Low,24.0,14.0,2.3591528575167517,0.0,0
NGP-2566,NGP-1838,Low,1.0,ariel.arias,Sub-task,Quack #2: 8/28 - 9/11,Team Quack,2.001014293981481,0,0.4997465550384793,1,-1,Low,41.0,6.0,396.21364254055817,0.06666666666666667,0
NGP-2567,NGP-2457,Low,1.0,Daniel Pacheco,Sub-task,Buzz #1: 8/8 - 8/22,Team Buzz,0.3097450462962963,0,3.228461639523425,1,-1,Low,12.0,1.0,0.9648788301016622,0.0,1
NGP-2577,NGP-2506,Low,1.0,Freddy Aguilar,Sub-task,Woof Sprint 2,Team Woof,0.7911629861111111,0,1.2639620628808836,1,-1,Low,44.0,1.0,1.430244336993227,0.0,0
NGP-2578,NGP-1147,Low,2.0,Eduardo Morato Muñoz,Bug,Howl Sprint 3,Team Howl,6.037411886574074,0,0.3312677745985124,1,-1,Low,15.0,4.0,490.13875070107406,0.0,0
NGP-2601,NGP-1074,Low,2.0,Mark Taylor,Story,Aether Sprint 2,Team Aether,1.847919317129629,0,1.0822983349222182,1,-1,Low,24.0,5.0,2.3591528575167517,0.0,0
NGP-2607,NGP-1074,Low,3.0,Unassigned,Story,Aether Sprint 2,Team Aether,5.887028981481482,0,0.5095949093230121,1,-1,Low,24.0,3.0,2.3591528575167517,0.0,0
NGP-2617,NGP-1074,Low,5.0,Alejandra Zurita,Bug,Aether Sprint 2,Team Aether,4.998673298611111,0,1.000265410701927,1,-1,Medium,24.0,14.0,2.3591528575167517,0.0,0
NGP-2621,NGP-2705,Medium,3.0,Unassigned,Bug,Quack #3: 9/11 - 9/25,Team Quack,6.960115219907407,0,0.4310273472800225,1,-1,Low,5.0,3.0,0.38782516951533574,0.0,0
NGP-2622,NGP-1147,Low,1.0,Eduardo Morato Muñoz,Bug,Howl Sprint 2,Team Howl,24.98734721064815,1,0.0400202547141082,1,-1,Low,11.0,9.0,0.2370343001713489,0.3333333333333333,0
NGP-2624,NGP-2623,Low,1.0,Brayan Huber Gonzales Velasquez,Sub-task,Aether Sprint 2,Team Aether,1.156835601851852,0,0.8644270615454859,1,-1,Low,24.0,1.0,2.3591528575167517,0.0,0
NGP-2625,NGP-2623,Low,1.0,Pablo Michael Tardio Ventura,Sub-task,Aether Sprint 2,Team Aether,0.2870582986111111,0,3.4836129275424237,1,-1,Low,24.0,1.0,2.3591528575167517,0.0,1
NGP-2652,NGP-1074,Low,3.0,Mark Taylor,Story,Aether Sprint 2,Team Aether,2.6980787037037035,0,1.1119023310483285,1,-1,Low,24.0,5.0,2.3591528575167517,0.0,1
NGP-2654,NGP-2139,Low,1.0,Diego Penaranda,Sub-task,Quack #2: 8/28 - 9/11,Team Quack,15.77735329861111,0,0.06338198689434371,1,-1,Low,41.0,3.0,396.21364254055817,0.06666666666666667,0
NGP-2655,NGP-2139,Low,1.0,Diego Penaranda,Sub-task,Quack #2: 8/28 - 9/11,Team Quack,0.0156803125,0,63.774239193255866,1,-1,Low,41.0,3.0,396.21364254055817,0.06666666666666667,1
NGP-2656,NGP-2250,Low,8.0,Rafael Rojas,Story,Woof Sprint 3,Team Woof,11.270893738425926,0,0.709792868752329,1,-1,High,40.0,13.0,0.8929488074617229,0.16666666666666666,0
NGP-2658,NGP-2568,Low,1.0,Luhana González,Sub-task,Team Aether Sprint 15,Team Aether,0.0,0,0.0,1,-2,Low,94.0,11.0,391.54604098527733,0.0,1
NGP-2662,NGP-2530,Low,1.0,Jorge Luis Cameo,Sub-task,Roar Sprint 2,Team Roar,2.1523675231481483,0,0.46460466869401357,1,-1,Low,7.0,6.0,0.20295089552407772,0.0,0
NGP-2663,NGP-2530,Low,1.0,mauricio.gamarra,Sub-task,Roar Sprint 2,Team Roar,6.932504270833332,0,0.14424801787821956,1,-1,Low,7.0,1.0,0.20295089552407772,0.0,0
NGP-2668,NGP-1817,Medium,5.0,Mark Taylor,Story,Aether Sprint 4,Team Aether,7.166026504629629,0,0.6977367438942261,1,-2,Medium,60.0,47.0,3.5981452679612116,0.0,0
NGP-2672,NGP-2495,Low,5.0,Unassigned,Story,Howl Sprint 3,Team Howl,0.0,0,0.0,1,-1,Medium,15.0,10.0,490.13875070107406,0.0,0
NGP-2673,NGP-2495,Low,5.0,Unassigned,Story,Howl Sprint 3,Team Howl,0.0020408333333333,0,2449.979583503511,1,-1,Medium,15.0,10.0,490.13875070107406,0.0,0
NGP-2675,NGP-2656,Low,1.0,Anahi Callejas,Sub-task,Woof Sprint 3,Team Woof,7.824494733796296,0,0.12780377954383504,1,-1,Low,40.0,14.0,0.8929488074617229,0.0,0
NGP-2679,NGP-2673,Low,1.0,Stella Martins,Sub-task,Howl Sprint 3,Team Howl,6.998273159722222,0,0.14289239319142158,1,-1,Low,15.0,1.0,490.13875070107406,0.0,0
NGP-2681,NGP-1402,High,8.0,Vany Loredo,Task,Roar Sprint 4,Team Roar,27.739566875,0,0.2883967163600495,1,-1,High,48.0,8.0,0.44340928576295885,0.0,0
NGP-2689,NGP-1074,Low,5.0,Mark Taylor,Story,Aether Sprint 3,Team Aether,10.684064016203704,0,0.4679867129602445,1,-2,Medium,33.0,8.0,0.5863813208236397,0.5,0
NGP-2690,NGP-2689,Low,1.0,Luhana González,Sub-task,Aether Sprint 3,Team Aether,10.059399074074074,0,0.09940951667553222,1,-2,Low,33.0,3.0,0.5863813208236397,0.0,0
NGP-2691,NGP-2689,Low,1.0,Luhana González,Sub-task,Aether Sprint 3,Team Aether,4.957815393518518,0,0.20170174172021937,1,-2,Low,33.0,3.0,0.5863813208236397,0.0,0
NGP-2692,NGP-2689,Low,1.0,Luhana González,Sub-task,Aether Sprint 3,Team Aether,4.957879282407408,0,0.20169914252418586,1,-2,Low,33.0,3.0,0.5863813208236397,0.0,0
NGP-2696,NGP-2296,Low,1.0,Vany Loredo,Bug,Roar Sprint 3,Team Roar,2.3240128009259258,0,0.43029022886689056,1,-1,Low,6.0,6.0,0.6180116410751467,0.0,0
NGP-2698,NGP-2705,Medium,3.0,Alejandra Zurita,Bug,Aether Sprint 3,Team Aether,4.769216342592593,0,0.629034160855276,1,-2,Low,33.0,22.0,0.5863813208236397,0.0,0
NGP-2699,NGP-960,Medium,5.0,Mark Taylor,Story,Buzz #3: 9/5 - 9/19,Team Buzz,15.199752060185183,0,0.328952734242106,1,-1,Medium,16.0,10.0,0.48118456738548565,0.3333333333333333,0
NGP-2700,NGP-2705,Medium,5.0,Alejandra Zurita,Bug,Aether Sprint 3,Team Aether,6.035568333333333,0,0.8284223993266583,1,-2,Medium,33.0,22.0,0.5863813208236397,0.0,0
NGP-2702,NGP-1838,Low,1.0,Diego Villarroel,Sub-task,Quack #2: 8/28 - 9/11,Team Quack,5.642817951388889,0,0.17721642069878685,1,-1,Low,41.0,6.0,396.21364254055817,0.06666666666666667,0
NGP-2703,NGP-2705,Medium,5.0,Freddy Aguilar,Story,Woof Sprint 3,Team Woof,6.287693993055556,0,0.7952040931893712,1,-1,Medium,40.0,5.0,0.8929488074617229,0.16666666666666666,0
NGP-2706,NGP-2705,High,3.0,Anahi Callejas,Story,Woof Sprint 3,Team Woof,2.9596928125,0,1.0136187064176951,1,-1,Low,40.0,14.0,0.8929488074617229,0.16666666666666666,1
NGP-2707,NGP-2338,Low,1.0,Alejandra Zurita,Sub-task,Aether Sprint 3,Team Aether,1.146882199074074,0,0.8719291316992641,1,-2,Low,33.0,22.0,0.5863813208236397,0.0,0
NGP-2708,NGP-2338,Low,1.0,Alejandra Zurita,Sub-task,Aether Sprint 3,Team Aether,1.146873113425926,0,0.8719360392125783,1,-2,Low,33.0,22.0,0.5863813208236397,0.0,0
NGP-2709,NGP-2338,Low,1.0,Alejandra Zurita,Sub-task,Aether Sprint 3,Team Aether,1.1475875810185183,0,0.8713931873613254,1,-2,Low,33.0,22.0,0.5863813208236397,0.0,0
NGP-2710,NGP-2338,Low,1.0,Alejandra Zurita,Sub-task,Aether Sprint 3,Team Aether,1.158603298611111,0,0.8631081934591085,1,-2,Low,33.0,22.0,0.5863813208236397,0.0,0
NGP-2715,NGP-2705,Low,2.0,Gabriel Gonzales,Bug,Buzz #4 9/19 - 10/03,Team Buzz,5.9416849189814815,0,0.33660485658045264,0,0,Low,25.0,13.0,0.6521221361167356,0.0,0
NGP-2716,NGP-2705,High,5.0,Freddy Aguilar,Bug,Woof Sprint 4,Team Woof,5.022621469907407,0,0.9954960830628106,1,-1,Medium,34.0,6.0,0.6902922303724841,0.0,0
NGP-2718,NGP-2705,Medium,3.0,Mark Taylor,Story,Aether Sprint 3,Team Aether,6.139331550925927,1,0.4886525471242131,1,-2,Low,33.0,8.0,0.5863813208236397,0.5,0
NGP-2723,NGP-2705,Medium,5.0,Alejandra Zurita,Bug,Woof Sprint 4,Team Woof,13.04578886574074,0,0.3832654392506988,1,-1,Medium,34.0,5.0,0.6902922303724841,0.0,0
NGP-2724,NGP-2705,Medium,2.0,Gabriel Gonzales,Bug,Buzz #4 9/19 - 10/03,Team Buzz,3.259616099537037,0,0.6135691869616363,0,0,Low,25.0,13.0,0.6521221361167356,0.0,0
NGP-2726,NGP-1838,Low,1.0,ariel.arias,Sub-task,Quack #2: 8/28 - 9/11,Team Quack,5.217356701388889,0,0.19166793785324177,1,-1,Low,41.0,6.0,396.21364254055817,0.06666666666666667,0
NGP-2727,NGP-2705,Medium,5.0,Alejandra Zurita,Bug,Aether Sprint 3,Team Aether,13.087415266203704,0,0.38204640857631783,1,-2,Medium,33.0,22.0,0.5863813208236397,0.0,0
NGP-2728,NGP-2139,Low,1.0,Diego Penaranda,Sub-task,Quack #2: 8/28 - 9/11,Team Quack,6.938116180555555,0,0.14413134256854243,1,-1,Low,41.0,3.0,396.21364254055817,0.06666666666666667,0
NGP-2729,NGP-2706,Low,1.0,Anahi Callejas,Sub-task,Woof Sprint 3,Team Woof,3.7976507291666666,0,0.2633206872658966,1,-1,Low,40.0,14.0,0.8929488074617229,0.0,0
NGP-2730,NGP-960,Medium,5.0,Unassigned,Story,Buzz #3: 9/5 - 9/19,Team Buzz,6.980607118055555,0,0.7162700772927538,1,-1,Medium,16.0,5.0,0.48118456738548565,0.3333333333333333,0
NGP-2731,NGP-2098,Low,1.0,Daniel Pacheco,Sub-task,Buzz #3: 9/5 - 9/19,Team Buzz,2.009075798611111,0,0.4977413000999302,1,-1,Low,16.0,1.0,0.48118456738548565,0.0,0
NGP-2732,NGP-2495,Low,8.0,Nikayla Bryant,Story,Howl Sprint 4,Team Howl,28.97538494212963,1,0.2760964182521751,1,-1,High,23.0,8.0,0.18561075060525414,0.6666666666666666,0
NGP-2733,NGP-2706,Low,1.0,Anahi Callejas,Sub-task,Woof Sprint 3,Team Woof,2.9593268171296296,0,0.3379146886419055,1,-1,Low,40.0,14.0,0.8929488074617229,0.0,0
NGP-2734,NGP-2139,Low,1.0,Diego Villarroel,Sub-task,Quack #2: 8/28 - 9/11,Team Quack,3.940866122685185,0,0.25375132492920893,1,-1,Low,41.0,6.0,396.21364254055817,0.06666666666666667,0
NGP-2735,NGP-2139,Low,1.0,Diego Villarroel,Sub-task,Quack #2: 8/28 - 9/11,Team Quack,0.0001499652777777,0,6668.210233853887,1,-1,Low,41.0,6.0,396.21364254055817,0.06666666666666667,1
NGP-2736,NGP-1838,Low,1.0,ariel.arias,Sub-task,Quack #2: 8/28 - 9/11,Team Quack,5.757900798611112,1,0.17367440582533383,1,-1,Low,41.0,6.0,396.21364254055817,0.06666666666666667,0
NGP-2740,NGP-2739,Medium,2.0,Pablo Michael Tardio Ventura,Story,Aether Sprint 4,Team Aether,0.0459820949074074,0,43.49519098743397,1,-2,Low,60.0,3.0,3.5981452679612116,0.0,0
NGP-2744,NGP-2250,High,8.0,Unassigned,Task,Woof Sprint 4,Team Woof,11.74343332175926,0,0.6812317812693585,1,-1,High,34.0,8.0,0.6902922303724841,0.0,0
NGP-2746,NGP-1067,Medium,5.0,Mark Taylor,Story,Quack #4: 9/25 - 10/9,Team Quack,7.79161050925926,0,0.6417158550287114,1,-2,Medium,26.0,20.0,1.3131603117485475,0.0,0
NGP-2749,NGP-2739,Low,5.0,Luhana González,Story,Aether Sprint 4,Team Aether,4.006941446759259,0,1.247834555716782,1,-2,Medium,60.0,7.0,3.5981452679612116,0.0,0
NGP-2750,NGP-2749,Low,1.0,Luhana González,Sub-task,Aether Sprint 4,Team Aether,1.927759837962963,0,0.5187368158145084,1,-2,Low,60.0,7.0,3.5981452679612116,0.0,0
NGP-2751,NGP-2749,Low,1.0,Pablo Michael Tardio Ventura,Sub-task,Aether Sprint 4,Team Aether,0.9681352314814816,0,1.0329135512089127,1,-2,Low,60.0,3.0,3.5981452679612116,0.0,0
NGP-2752,NGP-2011,Medium,5.0,Mark Taylor,Story,Buzz #5: 10/3 - 10/17,Team Buzz,8.00355025462963,0,0.6247227593914044,0,0,Medium,31.0,23.0,0.505338077948927,0.0,0
NGP-2755,NGP-2011,Low,8.0,Mark Taylor,Story,Buzz #5: 10/3 - 10/17,Team Buzz,8.197485914351853,0,0.975908965698117,0,0,High,31.0,23.0,0.505338077948927,0.0,0
NGP-2756,NGP-2011,Low,5.0,Mark Taylor,Story,Buzz #5: 10/3 - 10/17,Team Buzz,8.960467476851852,0,0.558006600985587,0,0,Medium,31.0,23.0,0.505338077948927,0.0,0
NGP-2757,NGP-2011,Low,5.0,Mark Taylor,Story,Buzz #5: 10/3 - 10/17,Team Buzz,6.690945451388889,0,0.7472785477517401,0,0,Medium,31.0,23.0,0.505338077948927,0.0,0
NGP-2760,NGP-2739,Medium,5.0,Mark Taylor,Story,Aether Sprint 4,Team Aether,4.8954020601851855,0,1.021366567756614,1,-2,Medium,60.0,47.0,3.5981452679612116,0.0,0
NGP-2761,NGP-2739,Low,3.0,Mark Taylor,Story,Aether Sprint 4,Team Aether,5.909636886574074,0,0.5076454031914566,1,-2,Low,60.0,47.0,3.5981452679612116,0.0,0
NGP-2762,NGP-2739,Low,2.0,Brayan Huber Gonzales Velasquez,Story,Aether Sprint 4,Team Aether,2.1209538078703707,0,0.9429719744854702,1,-2,Low,60.0,2.0,3.5981452679612116,0.0,0
NGP-2763,NGP-2739,Low,3.0,Mark Taylor,Story,Aether Sprint 4,Team Aether,3.0024497685185185,0,0.9991840767681761,1,-2,Low,60.0,47.0,3.5981452679612116,0.0,0
NGP-2764,NGP-2739,Low,3.0,Mark Taylor,Story,Aether Sprint 4,Team Aether,3.1206056365740737,0,0.9613518494100781,1,-2,Low,60.0,47.0,3.5981452679612116,0.0,0
NGP-2765,NGP-2739,Low,5.0,Mark Taylor,Story,Aether Sprint 4,Team Aether,6.289578541666667,0,0.7949658259097051,1,-2,Medium,60.0,47.0,3.5981452679612116,0.0,0
NGP-2766,NGP-2705,Medium,2.0,Anahi Callejas,Bug,Woof Sprint 4,Team Woof,2.6845883449074077,0,0.7449931769963714,1,-1,Low,34.0,7.0,0.6902922303724841,0.0,0
NGP-2767,NGP-2732,Low,1.0,Stella Martins,Sub-task,Howl Sprint 4,Team Howl,19.76719309027778,1,0.050588871947218256,1,-1,Low,23.0,1.0,0.18561075060525414,1.0,0
NGP-2770,NGP-2705,Medium,5.0,Gabriel Gonzales,Bug,Buzz #5: 10/3 - 10/17,Team Buzz,6.813225173611111,0,0.7338668358365624,0,0,Medium,31.0,5.0,0.505338077948927,0.0,0
NGP-2771,NGP-1107,Low,1.0,mauricio.gamarra,Sub-task,Roar Sprint 4,Team Roar,7.266467870370371,0,0.137618443766549,1,-1,Low,48.0,2.0,0.44340928576295885,0.0,0
NGP-2785,NGP-2769,Medium,5.0,Anahi Callejas,Story,Woof Sprint 4,Team Woof,6.276017881944444,0,0.796683517168516,1,-1,Medium,34.0,7.0,0.6902922303724841,0.0,0
NGP-2786,NGP-2769,Medium,5.0,Mark Taylor,Story,Woof Sprint 5,Team Woof,5.663091643518519,0,0.8829099570942956,1,-1,Medium,43.0,35.0,1.037298424999039,0.1,0
NGP-2787,NGP-2769,Medium,3.0,Mark Taylor,Story,Woof Sprint 5,Team Woof,6.928764131944445,0,0.43297764837581487,1,-1,Low,43.0,35.0,1.037298424999039,0.1,0
NGP-2788,NGP-2769,Medium,3.0,Mark Taylor,Story,Woof Sprint 5,Team Woof,7.942446064814814,0,0.37771739027477397,1,-1,Low,43.0,35.0,1.037298424999039,0.1,0
NGP-2789,NGP-2769,Medium,3.0,Mark Taylor,Story,Woof Sprint 5,Team Woof,8.844425949074074,0,0.3391966892225573,1,-1,Low,43.0,35.0,1.037298424999039,0.1,0
NGP-2790,NGP-2769,Medium,8.0,Mark Taylor,Story,Woof Sprint 5,Team Woof,12.078168252314814,0,0.6623520912177041,1,-1,High,43.0,35.0,1.037298424999039,0.1,0
NGP-2791,NGP-2769,Medium,3.0,Freddy Aguilar,Story,Woof Sprint 5,Team Woof,6.254414803240741,1,0.4796611824411682,1,-1,Low,43.0,8.0,1.037298424999039,0.1,0
NGP-2793,NGP-2769,Medium,5.0,Mark Taylor,Story,Woof Sprint 5,Team Woof,7.906081076388889,0,0.6324245794711424,1,-1,Medium,43.0,35.0,1.037298424999039,0.1,0
NGP-2799,NGP-2011,High,8.0,Unassigned,Task,Buzz #4 9/19 - 10/03,Team Buzz,6.82538045138889,0,1.1720958350932786,0,0,High,25.0,8.0,0.6521221361167356,0.0,1
NGP-2800,NGP-2799,Low,1.0,Nelson Araoz,Sub-task,Buzz #4 9/19 - 10/03,Team Buzz,1.2584545833333334,0,0.7946254185441072,0,0,Low,25.0,1.0,0.6521221361167356,0.0,0
NGP-2801,NGP-2799,Low,1.0,Fidel Rojas,Sub-task,Buzz #4 9/19 - 10/03,Team Buzz,5.721176400462963,0,0.17478922690079596,0,0,Low,25.0,1.0,0.6521221361167356,0.0,0
NGP-2802,NGP-2799,Low,1.0,Vicente Rodriguez,Sub-task,Buzz #4 9/19 - 10/03,Team Buzz,6.0006729745370375,0,0.16664797502602643,0,0,Low,25.0,1.0,0.6521221361167356,0.0,0
NGP-2803,NGP-2799,Low,1.0,Daniel Pacheco,Sub-task,Buzz #4 9/19 - 10/03,Team Buzz,6.957071296296296,0,0.1437386448134239,0,0,Low,25.0,1.0,0.6521221361167356,0.0,0
NGP-2804,NGP-2799,Low,1.0,Gabriel Gonzales,Sub-task,Buzz #4 9/19 - 10/03,Team Buzz,5.138910162037037,0,0.19459378904643182,0,0,Low,25.0,13.0,0.6521221361167356,0.0,0
NGP-2805,NGP-1147,Low,2.0,Nikayla Bryant,Story,Howl Sprint 5,Team Howl,10.164547534722224,0,0.19676232445841532,1,-3,Low,4.0,2.0,0.32518714158101214,0.0,0
NGP-2807,NGP-1107,Low,1.0,Jorge Luis Cameo,Sub-task,Roar Sprint 4,Team Roar,1.9828984953703703,0,0.504312249131652,1,-1,Low,48.0,8.0,0.44340928576295885,0.0,0
NGP-2812,NGP-2705,Medium,5.0,Gabriel Gonzales,Bug,Buzz #4 9/19 - 10/03,Team Buzz,2.148648726851852,0,2.3270439404610723,0,0,Medium,25.0,13.0,0.6521221361167356,0.0,0
NGP-2813,NGP-2668,Low,1.0,Umesh Nawathe,Sub-task,Aether Sprint 4,Team Aether,8.819191851851851,0,0.11338907428235846,1,-2,Low,60.0,1.0,3.5981452679612116,0.0,0
NGP-2814,NGP-1838,Low,1.0,Diego Villarroel,Sub-task,Quack #2: 8/28 - 9/11,Team Quack,2.295532430555556,0,0.4356287834095134,1,-1,Low,41.0,6.0,396.21364254055817,0.06666666666666667,0
NGP-2840,NGP-2739,High,1.0,Luhana González,Task,Aether Sprint 4,Team Aether,0.8247672106481482,0,1.2124633315795181,1,-2,Low,60.0,7.0,3.5981452679612116,0.0,0
NGP-2843,NGP-1107,Low,1.0,Jorge Luis Cameo,Sub-task,Roar Sprint 4,Team Roar,0.6278798611111112,0,1.592661370330267,1,-1,Low,48.0,8.0,0.44340928576295885,0.0,0
NGP-2848,NGP-2495,Low,2.0,ricardo.pari,Story,Howl Sprint 4,Team Howl,5.607414490740741,0,0.3566706194633027,1,-1,Low,23.0,10.0,0.18561075060525414,0.6666666666666666,0
NGP-2849,NGP-2705,Medium,3.0,Mark Taylor,Bug,Quack #4: 9/25 - 10/9,Team Quack,6.870803946759259,0,0.43663012701956155,1,-2,Low,26.0,20.0,1.3131603117485475,0.0,0
NGP-2850,NGP-1067,Medium,3.0,Mark Taylor,Story,Quack #4: 9/25 - 10/9,Team Quack,6.615334282407408,0,0.4534918224734457,1,-2,Low,26.0,20.0,1.3131603117485475,0.0,0
NGP-2852,NGP-2705,High,5.0,Alejandra Zurita,Bug,Aether Sprint 5,Team Aether,9.112431516203705,1,0.5487009686831678,0,1,Medium,31.0,23.0,1.1402584775170657,0.16666666666666666,0
NGP-2854,NGP-2739,Medium,5.0,Mark Taylor,Task,Aether Sprint 4,Team Aether,6.902711851851852,0,0.7243529944913759,1,-2,Medium,60.0,47.0,3.5981452679612116,0.0,0
NGP-2855,NGP-2739,Low,8.0,Mark Taylor,Task,Aether Sprint 4,Team Aether,7.993486157407408,0,1.0008148938353456,1,-2,High,60.0,47.0,3.5981452679612116,0.0,0
NGP-2856,NGP-2769,Medium,5.0,Freddy Aguilar,Story,Woof Sprint 5,Team Woof,1.0243864120370372,0,4.880970638860077,1,-1,Medium,43.0,8.0,1.037298424999039,0.1,0
NGP-2857,NGP-2739,Low,5.0,Mark Taylor,Story,Aether Sprint 4,Team Aether,0.9674465277777778,0,5.168244297165433,1,-2,Medium,60.0,47.0,3.5981452679612116,0.0,0
NGP-2858,NGP-1817,High,5.0,Rafael Rojas,Story,Woof Sprint 4,Team Woof,6.235123090277778,0,0.8019087879429895,1,-1,Medium,34.0,8.0,0.6902922303724841,0.0,0
NGP-2860,NGP-1067,Medium,3.0,Diego Penaranda,Story,Quack #4: 9/25 - 10/9,Team Quack,5.969345636574074,0,0.5025676485574991,1,-2,Low,26.0,4.0,1.3131603117485475,0.0,0
NGP-2861,NGP-1819,Medium,3.0,Mark Taylor,Bug,Quack #4: 9/25 - 10/9,Team Quack,11.85120693287037,0,0.25313877455630573,1,-2,Low,26.0,20.0,1.3131603117485475,0.0,0
NGP-2863,NGP-1402,Low,13.0,bryan.fernandez,Story,Roar Sprint 4,Team Roar,20.098777175925925,0,0.646805518873618,1,-1,High,48.0,14.0,0.44340928576295885,0.0,1
NGP-2869,NGP-2863,Low,1.0,bryan.fernandez,Sub-task,Roar Sprint 4,Team Roar,14.506901585648148,0,0.0689327072425522,1,-1,Low,48.0,14.0,0.44340928576295885,0.0,0
NGP-2870,NGP-2863,Low,1.0,Jorge Luis Cameo,Sub-task,Roar Sprint 4,Team Roar,16.388075324074077,0,0.06101997826010724,1,-1,Low,48.0,8.0,0.44340928576295885,0.0,0
NGP-2871,NGP-1819,Low,1.0,Mark Taylor,Story,Quack #4: 9/25 - 10/9,Team Quack,0.1011862037037037,0,9.882770213696606,1,-2,Low,26.0,20.0,1.3131603117485475,0.0,1
NGP-2874,NGP-2785,Low,1.0,Rafael Rojas,Sub-task,Woof Sprint 4,Team Woof,4.7503257060185184,0,0.21051188105544644,1,-1,Low,34.0,8.0,0.6902922303724841,0.0,0
NGP-2880,NGP-2512,Low,1.0,mauricio.gamarra,Sub-task,Roar Sprint 4,Team Roar,9.899025289351853,0,0.10102004700156453,1,-1,Low,48.0,2.0,0.44340928576295885,0.0,0
NGP-2881,NGP-2785,Low,1.0,Freddy Aguilar,Sub-task,Woof Sprint 4,Team Woof,1.0897744097222224,0,0.9176211067893351,1,-1,Low,34.0,6.0,0.6902922303724841,0.0,0
NGP-2882,NGP-2705,Medium,5.0,Mark Taylor,Task,Aether Sprint 4,Team Aether,6.855827048611112,0,0.7293066123966656,1,-2,Medium,60.0,47.0,3.5981452679612116,0.0,0
NGP-2887,NGP-2705,Medium,5.0,Alejandra Zurita,Bug,Aether Sprint 5,Team Aether,6.321908298611111,0,0.790900431298327,0,1,Medium,31.0,23.0,1.1402584775170657,0.16666666666666666,0
NGP-2888,NGP-1789,Medium,5.0,Mark Taylor,Story,Aether Sprint 5,Team Aether,3.879821944444444,0,1.288718933908694,0,1,Medium,31.0,7.0,1.1402584775170657,0.0,1
NGP-2889,NGP-1789,Medium,2.0,Mark Taylor,Story,Aether Sprint 5,Team Aether,6.909009594907407,0,0.28947709111218906,0,1,Low,31.0,7.0,1.1402584775170657,0.0,0
NGP-2890,NGP-2705,Medium,2.0,Alejandra Zurita,Bug,Aether Sprint 5,Team Aether,3.1066093287037035,0,0.6437887060728492,0,1,Low,31.0,23.0,1.1402584775170657,0.16666666666666666,0
NGP-2891,NGP-2757,Low,1.0,Daniel Pacheco,Sub-task,Buzz #5: 10/3 - 10/17,Team Buzz,12.771888877314815,1,0.07829695431943359,0,0,Low,31.0,1.0,0.505338077948927,0.3333333333333333,0
NGP-2892,NGP-2755,Low,1.0,Fidel Rojas,Sub-task,Buzz #5: 10/3 - 10/17,Team Buzz,8.187905023148147,0,0.12213136292774344,0,0,Low,31.0,2.0,0.505338077948927,0.3333333333333333,0
NGP-2893,NGP-2756,Low,1.0,Fidel Rojas,Sub-task,Buzz #5: 10/3 - 10/17,Team Buzz,4.938452152777778,0,0.20249259668082853,0,0,Low,31.0,2.0,0.505338077948927,0.3333333333333333,0
NGP-2907,NGP-2861,Low,1.0,Diego Villarroel,Sub-task,Quack #4: 9/25 - 10/9,Team Quack,2.9291474074074078,0,0.34139627028368,1,-2,Low,26.0,1.0,1.3131603117485475,0.0,0
NGP-2908,NGP-2805,Low,1.0,ricardo.pari,Sub-task,Howl Sprint 5,Team Howl,2.136060173611111,0,0.468151605630778,1,-3,Low,4.0,2.0,0.32518714158101214,0.0,0
NGP-2909,NGP-2805,Low,1.0,ricardo.pari,Sub-task,Howl Sprint 5,Team Howl,3.219082777777777,0,0.310647494653843,1,-3,Low,4.0,2.0,0.32518714158101214,0.0,0
NGP-2923,NGP-2852,Low,1.0,Sachin Marne,Sub-task,Aether Sprint 5,Team Aether,0.0,0,0.0,0,1,Low,31.0,1.0,1.1402584775170657,0.0,1
NGP-2926,NGP-2705,Low,5.0,Alejandra Zurita,Bug,Aether Sprint 5,Team Aether,1.1381715972222222,0,4.393010695577721,0,1,Medium,31.0,23.0,1.1402584775170657,0.16666666666666666,0
NGP-2927,NGP-2705,Low,3.0,Alejandra Zurita,Bug,Aether Sprint 5,Team Aether,1.6601584490740742,0,1.807056429868607,0,1,Low,31.0,23.0,1.1402584775170657,0.16666666666666666,1
NGP-2928,NGP-2705,Low,3.0,Alejandra Zurita,Bug,Aether Sprint 5,Team Aether,5.991934363425926,0,0.5006730411320346,0,1,Low,31.0,23.0,1.1402584775170657,0.16666666666666666,0
NGP-2929,NGP-1819,Low,2.0,Mark Taylor,Story,Quack #5: 10/9 - 10/23,Team Quack,1.0386883101851851,0,1.925505447965834,1,-1,Low,15.0,2.0,0.6321584452384521,0.0,1
NGP-2930,NGP-2861,Low,1.0,ariel.arias,Sub-task,Quack #4: 9/25 - 10/9,Team Quack,6.057572326388889,0,0.16508263477823495,1,-2,Low,26.0,1.0,1.3131603117485475,0.0,0
NGP-2933,NGP-2769,Low,3.0,Mark Taylor,Story,Woof Sprint 5,Team Woof,6.9039652314814814,0,0.4345328951426726,1,-1,Low,43.0,35.0,1.037298424999039,0.1,0
NGP-2934,NGP-2769,Low,5.0,Mark Taylor,Story,Woof Sprint 5,Team Woof,3.9992283796296295,0,1.250241177890184,1,-1,Medium,43.0,35.0,1.037298424999039,0.1,1
NGP-2945,NGP-2861,Low,1.0,Diego Penaranda,Sub-task,Quack #4: 9/25 - 10/9,Team Quack,0.0,0,0.0,1,-2,Low,26.0,4.0,1.3131603117485475,0.0,1
NGP-2947,NGP-2362,Low,8.0,Unassigned,Story,Quack #5: 10/9 - 10/23,Team Quack,6.972395486111111,0,1.1473818454411915,1,-1,High,15.0,8.0,0.6321584452384521,0.0,1
NGP-2948,NGP-2947,Low,1.0,Nelson Araoz,Sub-task,Quack #5: 10/9 - 10/23,Team Quack,2.374709074074074,0,0.42110421479309473,1,-1,Low,15.0,1.0,0.6321584452384521,0.0,0
NGP-2949,NGP-2947,Low,1.0,Diego Penaranda,Sub-task,Quack #5: 10/9 - 10/23,Team Quack,1.9971238078703704,0,0.5007200835817727,1,-1,Low,15.0,1.0,0.6321584452384521,0.0,0
NGP-2950,NGP-2947,Low,1.0,Diego Villarroel,Sub-task,Quack #5: 10/9 - 10/23,Team Quack,6.915994548611111,0,0.144592363827242,1,-1,Low,15.0,1.0,0.6321584452384521,0.0,0
NGP-2951,NGP-2947,Low,1.0,ariel.arias,Sub-task,Quack #5: 10/9 - 10/23,Team Quack,7.000038657407407,0,0.1428563539348179,1,-1,Low,15.0,1.0,0.6321584452384521,0.0,0
NGP-2952,NGP-2947,Low,1.0,David Soliz,Sub-task,Quack #5: 10/9 - 10/23,Team Quack,6.995511331018519,0,0.1429488071252118,1,-1,Low,15.0,1.0,0.6321584452384521,0.0,0
NGP-894,NGP-1025,High,8.0,Juan.hernandez,Story,Team Aether Sprint 8,Team Aether,22.284448032407408,1,0.3589947567184931,1,-1,High,28.0,14.0,3.2952604164447155,0.6666666666666666,0
NGP-895,NGP-1067,Low,3.0,Jako Keskküla,Story,Panda #8: 6/03 - 06/17,Team Panda,10.17160011574074,0,0.29493884598918163,1,-1,Low,26.0,8.0,2.266058435894734,0.0,0
NGP-896,NGP-1067,Low,5.0,Kaisa Telve-Mahlberg,Story,Panda #10: 7/01 - 7/15,Team Panda,13.922650335648148,0,0.35912702534788127,1,-1,Medium,17.0,5.0,0.21357704407253092,0.0,0
NGP-897,NGP-1067,Low,8.0,Diego Penaranda,Story,Panda #12: 7/29 - 8/5,Team Quack,44.046288402777776,0,0.1816271084374837,1,-10,High,13.0,9.0,0.15777743098281705,0.0,0
NGP-898,NGP-1067,Low,3.0,Jako Keskküla,Task,Panda #12: 7/29 - 8/5,Team Panda,4.068725775462963,0,0.7373315788672543,1,-10,Low,3.0,3.0,0.7373315788672543,0.0,0
NGP-899,NGP-1067,Low,3.0,Diego Villarroel,Story,Panda #9: 6/17 - 07/01,Team Panda,11.99005398148148,0,0.25020738060341263,1,-1,Low,19.0,6.0,0.4293983321571779,0.0,0
NGP-900,NGP-1067,Low,3.0,Diego Penaranda,Story,Quack #1: 8/14 - 8/28,Team Quack,28.172890752314814,0,0.10648534530498992,1,-1,Low,3.0,3.0,0.10648534530498992,0.0,0
NGP-902,NGP-1067,Low,5.0,Diego Penaranda,Story,Panda #11: 7/15 - 7/29,Team Panda,25.2123634837963,0,0.19831540201351783,1,-1,Medium,24.0,6.0,1.108332457538981,0.0,0
NGP-908,NGP-1449,Low,8.0,Juan.hernandez,Story,Team Aether Sprint 12,Team Aether,12.655418125,0,0.6321403150004575,0,0,High,91.0,67.0,317.95189352065967,0.4444444444444444,0
NGP-909,NGP-1025,Low,3.0,Juan.hernandez,Story,Team Aether Sprint 8,Team Aether,12.8799896875,1,0.23291944114765037,1,-1,Low,28.0,14.0,3.2952604164447155,0.6666666666666666,0
NGP-911,NGP-1070,Low,8.0,Juan.hernandez,Story,Team Aether Sprint 11,Team Aether,13.23801082175926,0,0.6043204003769536,1,-1,High,56.0,28.0,2.3452685402564035,0.0,0
NGP-916,NGP-1449,Low,8.0,Juan.hernandez,Story,Team Aether Sprint 12,Team Aether,9.392539467592592,0,0.8517398332583729,0,0,High,91.0,67.0,317.95189352065967,0.4444444444444444,0
NGP-989,NGP-1147,Medium,5.0,Nikayla Bryant,Story,Swifty Sprint 12,Team Howl,13.424948124999998,0,0.37244091771862997,1,-1,Medium,36.0,19.0,0.22352105289769783,0.0,0
